美股三大指数震荡整理 特斯拉大涨,https://finance.eastmoney.com/a/202505093400820540.html,5月9日，美股三大指数震荡整理，截至发稿，道指涨0.01%，纳指涨0.25%，标普500指数涨0.12%。　　个股方面，特斯拉股价高开高走，截至发稿涨超6%，创3月3日以来新高。台积电涨近2%，公司4月营收同比大增。　　全球要闻　　关税大消息！日本、韩国与美国的关税谈判或陷入拉锯战　　日本、韩国与美国的关税谈判，或陷入拉锯战！据最新消息，美国商务部长卢特尼克警告称，美国跟日本、韩国的关税谈判要花大量时间，协议不会很快达成。在卢特尼克发表上述言论之际，美国与英国在周四达成了一份贸易协议。然而，协议的诸多细节尚待敲定，美方此前加征的10%所谓“对等关税”也未取消。　　特朗普拿捏了“唯一的软柿子”？一文读懂：英美贸易格局究竟如何　　作为同属“五眼联盟”的紧密盟友，美国和英国长期以来一直标榜着两国之间的“特殊关系”，而这在贸易领域也不例外……你可能不知道的一个事实是：美国去年对其十大贸易伙伴中的九个存在商品贸易逆差，唯一的例外就是英国——美国对英保持商品贸易顺差。换言之，美国对英国的商品出口额要大于进口额。　　“美元霸权”出现亚洲裂痕：“去美元化”加速 人民币受热捧　　随着上月特朗普反复无常的关税政策引发美国资产抛售潮，一波最新的“去美元化”浪潮正在亚洲蔚然成风……多组迹象显示，亚洲地区的银行和经纪商对绕过美元的货币衍生品的需求正在上升，因贸易紧张局势为过去多年来“去美元化”的转变，进一步增添了紧迫感。　　稀土协议达成 特朗普：美国可以获得“大量非常高质量的稀土”！海外稀土价格暴涨　　据央视新闻消息，当地时间5月8日，美国总统特朗普表示，美国刚刚与乌克兰达成了稀土协议，该协议现已全部签署并批准，美国可以获得“大量非常高质量的稀土”。当地时间5月8日，乌克兰总统泽连斯基在社交媒体上透露，他与美国总统特朗普进行了一次电话交谈。　　虚拟币异动！比特币站上10万美元 以太坊涨幅惊人全市场近23万人爆仓　　5月9日，比特币继续大涨，站上10万美元。截至发稿，比特币报103767.7美元，24小时内涨4.31%。以太坊涨幅惊人，截至发稿，以太坊报2473.35美元，24小时内暴涨近28%。除了比特币、以太坊，特朗普币涨超17%，狗狗币涨超16%，艾达币涨超14%，索拉纳币涨超11%。　　公司新闻　　中国市场难以割舍！英伟达据称将推新版H20芯片 以绕开美国禁令　　据媒体援引知情人士的话报道，在美国限制H20人工智能芯片对华出口后，英伟达计划在未来两个月内为中国市场推出H20的降级版本。消息人士称，英伟达已经通知了主要的中国客户，包括一些领先的云计算提供商，其计划在7月发布改版H20芯片。　　苹果据悉扩展自研芯片版图：将用于首款智能眼镜与AI服务器　　据媒体援引消息人士报道，苹果公司正在为其未来设备开发新的专用芯片，这些设备包括首款智能眼镜、更强大的Mac电脑以及人工智能（AI）服务器。知情人士透露，苹果在为智能眼镜开发芯片方面已取得进展。这一动向显示，苹果正在加快推进这款设备的研发，该产品将对标Meta推出的Ray-Ban智能眼镜。　　阿里CEO：将以饱和式投入打法聚焦几大核心战役　　5月9日，阿里巴巴集团CEO吴泳铭在内网论坛发帖表示，此刻，全球技术浪潮带来的全新时代正在开启。阿里巴巴必须放下过去的成绩，回到创业初心，以创业者的心态，开启一段全新征程，“我们必须抱着从零开始的心态，像创业公司一样思考，从中创造机遇，否则我们面临的只会是风险。”　　极氪开启渠道变革 引入代理制模式　　极氪品牌在高管调整后，渠道也在开启快速变革。近日，第一财经记者独家获悉，此前在渠道上采用直营模式的极氪引入了合伙人（代理制）模式，以填补极氪在下沉市场的渠道布局空白，加速今年销量目标的实现。　　小鹏汇天距正式“上天”更近一步：生产许可证申请获受理 量产工厂完成度70%　　5月9日，小鹏汇天宣布，“陆地航母”飞行体（代号：X3-F）生产许可证（PC）申请正式获得民用航空中南地区管理局受理，标志着飞行汽车产品量产体系开始接受局方审查。目前，民用航空产品需要取得航空监管机构颁发的四张核心证件：适航标准（AC）、型号合格证（TC）、生产许可证（PC）、运营许可证（OC）。,2025-05-09 22:22
万亿龙头股新高！银行股逆势走强 多只高位股跳水,https://finance.eastmoney.com/a/202505093400692987.html,银行股逆势走强。　　5月9日，A股主要股指窄幅震荡下探，创业板指一度跌超1%；港股走势分化，恒生指数小幅走高，恒生科技指数跌近1%。 　　具体来看，A股市场三大股指盘中震荡下探，创业板指一度跌超1%，科创50指数跌约2%。截至收盘，沪指跌0.3%报3342点，深证成指跌0.69%报10126.83点，创业板指跌0.87%报2011.77点，科创50指数跌1.96%，上证50指数逆市涨0.17%，沪深北三市合计成交12225亿元，较昨日减少近1000亿元。　　场内超4000股飘绿，半导体板块大幅下挫，华虹公司一度跌超10%，中芯国际跌近5%；汽车、券商、地产等板块均走弱；纺织服装板块拉升，万事利、华纺股份等涨停；银行板块强势，建设银行、江苏银行、浦发银行等盘中创出新高；电力板块上扬，淮河能源、晋控电力涨停；ST板块逆市活跃，*ST原尚、ST张家界等涨停；固态电池概念尾盘异动，万向钱潮、山东章鼓等涨停。值得注意的是，中毅达、红宝丽等强势股跳水跌停。　　港股方面，华虹半导体跌约8%，中芯国际跌近5%；恒基地产涨超6%，新鸿基地产、吉利汽车涨约5%。　　多只银行股创新高　　银行板块今日再度走强，截至收盘，青岛银行涨超3%，创出阶段新高；江苏银行涨近2%，建设银行、浦发银行涨超1%，盘中均创出历史新高。值得一提的是，建设银行总市值约为1.58万亿元。　　机构表示，金融增量政策配合宽松财政政策加快落地，预计银行信贷供给加强，有望维持信贷增速相对平稳。降息幅度未超预期，存款利率降息将缓解银行息差压力。同时，资产质量将在政策支持下继续巩固，后续银行业绩压力可控。本轮降息之后，银行经营稳定性与高股息相对优势均有望得以提升。　　纺织服装板块拉升　　纺织服装板块盘中强势拉升，截至收盘，万事利20%涨停，太湖雪涨近12%，华纺股份、迎丰股份、华升股份等均涨停。　　消息面上，工业和信息化部、商务部近日联合印发通知，组织开展2025纺织服装“优供给促升级”活动。通知提出，深入推动纺织服装增品种提品质创品牌“三品”行动，以消费升级引领纺织服装产业升级。加强产业链上下游对接，提升协同创新效率，丰富优质产品供给，强化创意设计、金融保险、数字化转型服务等资源保障，促进产学研贯通，推动科技成果转化，加快形成纺织行业新质生产力。加强区域间和国家间交流合作，优化国内产业布局，拓展国际市场，促进纺织服装行业高质量发展。机构表示，基于可选消费修复逻辑，服装制造及出口相关企业或将迎来机遇，且服装及家居出海企业或将延续红利。同时，服装品牌企业经过估值调整后，或将迎来新一轮行情。　　值得注意的是，华纺股份已连续4个交易日涨停，公司昨日晚间提示，公司主营业务为纺织印染，截至公告日，公司主营业务、生产经营情况以及经营环境与前期披露的信息相比未发生重大变化，内部经营秩序正常。公司股价短期波动幅度较大，郑重提醒广大投资者充分了解二级市场交易风险，切实提高风险意识，理性决策，审慎投资。　　半导体板块下挫　　半导体板块今日大幅下挫，截至收盘，华虹公司跌超9%，盘中一度大跌12%；乐鑫科技跌约8%，芯原股份、灿芯股份跌超6%，中芯国际跌近5%。　　华虹公司昨日晚间披露的2025年一季报显示，报告期内，公司实现营业收入39.13亿元，同比增长18.66%；归属于上市公司股东的净利润为2276.34万元，同比下降89.73%。公司表示，一季度净利大幅下降的主要原因是：由于研发投入增加、所得税抵免减少及外币汇兑损失上升，部分被毛利上升所抵消。　　公司总裁兼执行董事白鹏表示，公司第一季度销售收入为5.41亿美元，毛利率为9.2%，均符合指引。整体业绩延续了2024年以来的趋势，销售收入稳步成长，产品结构持续优化，产能利用率保持满载。华虹制造项目的产能爬坡进度符合预期，对公司接下来的收入增长、产品组合优化及核心竞争力的提升都具有积极意义。　　公司同时预计，二季度主营业务收入约在5.5亿美元至5.7亿美元之间，主营业务毛利率约在7%至9%之间。　　中芯国际一季度报告显示，报告期内，公司实现营业收入约163亿元，同比增长29.4%；归属于上市公司股东的净利润13.56亿元，同比增长166.5%。公司表示，一季度净利润大幅增长主要是由于晶圆销量上升、产品组合变化使营业收入同比增加所致。　　中芯国际指出，按照国际财务报告准则，一季度，公司整体实现销售收入22.47亿美元，环比增长1.8%；毛利率为22.5%，环比大致持平；产能利用率上升至89.6%，环比增长4.1个百分点。二季度，公司给出的收入指引为环比下降4%到6%，毛利率指引为18%到20%。　　多只高位股跳水　　金龙机电盘中大幅下探，收盘跌12.67%，全日成交9.54亿元，换手率超22%。此前5个交易日，该股累计涨超50%。　　金龙机电昨日晚间提示，公司关注到有部分媒体对前述定期报告的部分内容进行了解读、转载、报道等。除前述情形外，公司未发现近期公共传媒报道了其他可能或已经对公司股票交易价格产生较大影响的公司未公开重大信息。　　2024年度，公司实现归属于上市公司股东的净利润为亏损，亏损金额为1.21亿元；2025年第一季度，公司实现归属于上市公司股东的净利润为盈利，盈利金额为1649.73万元，实现归属于上市公司股东的扣除非经常性损益的净利润为亏损，亏损金额为699.66万元。除此之外，近期公司生产经营正常，内外部经营环境未发生重大变化。　　中毅达今日开盘即跌停，截至收盘，该股报11.84元/股，跌停板上封单达44万手。今年3月10日以来，至昨日收盘，该股已累计大涨超220%。　　公司昨日晚间提示，截至5月7日，中证指数有限公司发布的相关数据显示，公司市净率为169.67，公司所处化学原料及化学制品制造业市净率为1.91，公司市净率远高于行业平均水平。公司股价严重脱离公司基本面，存在市场情绪过热情形及较高的炒作风险，存在短期内股价回调风险。公司生产产能保持稳定，近期无新建计划。公司产品结构、主营业务、营业模式并未发生重大变化。公司在此特别提醒广大投资者注意热点概念炒作风险，审慎判断、理性决策。（文章来源：证券时报）,2025-05-09 17:43
4月出口高增 但对美金额骤降,https://finance.eastmoney.com/a/202505093400701585.html,海关总署5月9日公布的数据显示，4月份，我国货物贸易出口2.27万亿元，同比增9.3%，单月出口额为历史次高，仅次于去年12月的2.41万亿元。当月出口金额的前五地区分别为东南亚（4328亿元）、欧盟（3355亿元）、美国（2368亿元）、中国香港（1894亿元）、日本（954亿元）。　　前五大出口地中，除美国外4月份均同比增长，其中，中国对东南亚的出口增速最快，出口额同比增加782亿元，增幅超22%。对欧盟、中国香港、日本的同比增幅均在9%左右。当月对美出口金额骤降，同比下降600亿元，降幅达20%。　　东方金诚认为，4月出口仍然保持较高正增长，超出市场预期，主要归结于三个原因：一是4月我国对美国之外的其他市场存在“抢出口”现象；二是外需仍有一定韧性；三是4月中美超高关税主要在中下旬执行，且存在部分商品豁免，对整体出口的冲击作用受到抑制。 （文章来源：东方财富研究中心）,2025-05-09 17:49
央行发布一季度货币政策执行报告：实施好适度宽松的货币政策,https://finance.eastmoney.com/a/202505093400691036.html,今年以来，在以习近平同志为核心的党中央坚强领导下，各项宏观政策协同发力，经济呈现向好态势。一季度国内生产总值（GDP）同比增长5.4%，社会信心持续提振，高质量发展扎实推进，国民经济实现良好开局。中国人民银行坚持以习近平新时代中国特色社会主义思想为指导，认真落实党中央、国务院决策部署，实施适度宽松的货币政策，强化逆周期调节，为经济持续回升向好创造了适宜的货币金融环境。　　一是保持货币信贷合理增长。综合运用存款准备金、公开市场操作、中期借贷便利、再贷款再贴现等工具，保持流动性充裕。引导金融机构充分满足实体经济有效信贷需求，提高资金使用效率，提升服务实体经济质效。二是推动社会综合融资成本下降。健全市场化的利率调控框架，下调政策利率及结构性货币政策工具利率，强化利率政策执行，带动存贷款利率下行。三是引导信贷结构调整优化。推动优化科技创新和技术改造再贷款，用好两项资本市场支持工具，落实好各项存续的结构性货币政策工具，创设新的政策工具，持续做好金融“五篇大文章”。四是保持汇率基本稳定。坚持市场在汇率形成中起决定性作用，发挥好汇率对宏观经济、国际收支的调节功能，综合施策，保持预期平稳，在复杂形势下保持人民币汇率基本稳定。五是加强风险防范化解。稳妥有序化解重点领域金融风险，持续完善金融风险监测、评估、预警体系。　　货币政策逆周期调节效果较为明显。金融总量平稳增长，3月末社会融资规模存量、广义货币M2同比分别增长8.4%和7.0%，人民币贷款余额265.4万亿元。社会融资成本处于历史低位，3月新发放企业贷款和个人住房贷款利率同比分别下降约50个和60个基点。信贷结构不断优化，3月末专精特新中小企业贷款、普惠小微贷款同比分别增长15.1%和12.2%，继续高于全部贷款增速。人民币汇率在合理均衡水平上保持基本稳定，3月末人民币对美元汇率中间价为7.1782元，与上年末基本持平。　　当前外部冲击影响加大，世界经济增长动能不足，贸易保护主义抬头，地缘冲突持续存在，我国经济持续回升向好的基础还需要进一步稳固。也要看到，我国有超大规模市场、完备产业体系、丰富人才资源等诸多优势条件，经济长期向好的基本趋势没有改变，要坚定发展信心，以高质量发展的确定性应对外部环境变化的不确定性。下阶段，中国人民银行将坚持以习近平新时代中国特色社会主义思想为指导，全面贯彻落实党的二十届三中全会、中央经济工作会议和全国两会精神，坚持稳中求进工作总基调，完整、准确、全面贯彻新发展理念，坚定不移走中国特色金融发展之路，进一步深化金融改革和高水平对外开放，持续推动金融高质量发展和金融强国建设，加快完善中央银行制度，进一步健全货币政策框架。平衡好短期与长期、稳增长与防风险、内部均衡与外部均衡、支持实体经济与保持银行体系自身健康性的关系，提高宏观调控的前瞻性、针对性、有效性，增强宏观政策协调配合，扩大国内需求，稳定预期、激发活力，全力巩固经济发展和社会稳定的基本面。　　实施好适度宽松的货币政策。根据国内外经济金融形势和金融市场运行情况，灵活把握政策实施的力度和节奏，保持流动性充裕，使社会融资规模、货币供应量增长同经济增长、价格总水平预期目标相匹配。把促进物价合理回升作为把握货币政策的重要考量，推动物价保持在合理水平。畅通货币政策传导机制，进一步完善利率调控框架，持续强化利率政策的执行和监督，降低银行负债成本，推动社会综合融资成本下降。发挥好货币政策工具总量和结构双重功能，坚持聚焦重点、合理适度、有进有退，引导金融机构加力支持科技金融、绿色金融、普惠小微、扩大消费、稳定外贸等。坚持以市场供求为基础、参考一篮子货币进行调节、有管理的浮动汇率制度，坚持市场在汇率形成中的决定性作用，增强外汇市场韧性，稳定市场预期，坚决对市场顺周期行为进行纠偏，坚决对扰乱市场秩序行为进行处置，坚决防范汇率超调风险，保持人民币汇率在合理均衡水平上基本稳定。探索拓展中央银行宏观审慎与金融稳定功能，维护金融市场稳定，坚决守住不发生系统性金融风险的底线。　　全文：2025年第一季度中国货币政策执行报告      （文章来源：央行网站）,2025-05-09 17:41
5月9日涨停复盘：军工部分强势 成飞集成3连板,https://finance.eastmoney.com/a/202505093400625263.html,周五(5月9日)市场全天震荡调整，创业板指领跌。沪深两市全天成交额1.19万亿，较上个交易日缩量1014亿。截至收盘，沪指跌0.3%，深成指跌0.69%，创业板指跌0.87%。　　板块方面，纺织、美容护理、银行、ST等板块涨幅居前，半导体、影视、智谱AI、脑机接口等板块跌幅居前。　　涨停个股数量方面，截至收盘，今日共计58股涨停，另有53股盘中一度触及涨停，封板率52.25%　　个股方面，从板块来看，银行股逆势走强，建设银行、江苏银行等盘中再创历史新高。大消费部分活跃，纺织服装方向强势，华纺股份4连板。军工概念部分高位强势股强者恒强，成飞集成3连板。下跌方面，芯片股展开调整，华虹公司跌近10%。,2025-05-09 16:35
存款利率全面进入1时代 有银行一个月狂降3次 钱该往哪放？,https://finance.eastmoney.com/a/202505093400640235.html,最近银行存款利率又降了！而且有的银行一个月连降三次！以前存钱还能“躺赚”，现在直接“躺平”了！经过这一轮下调后，多数银行的定期存款利率已经低于2%，迈进“1时代”。 这波操作到底是为啥？以后钱该往哪放？今天咱们就来聊聊这个话题！　　4月份以来，多家股份制银行、中小银行陆续下调银行存款利率，存款利率降幅在10个基点～50个基点不等。尤其3年期、5年期这样的长期存款成为下调的重点。以某银行将3年期存款利率从2.05%猛砍到1.65%为例，存10万的话利息就少了400块，20杯奶茶的钱没了。　　而且现在是存越久越亏。很多银行5年期存款利率下调幅度比3年期还大，导致5年期存款利率比3年期还低，利率倒挂的现象越来越普遍。　　有的银行甚至一个月内多次下调存款利率，比如福建华通银行，分别在4月10号、4月13号、4月21号三次下调存款利率。上海华瑞银行也在一个月内两次下调存款利率。　　目前国有银行、股份制银行的存款挂牌利率基本都在2%以下了。甚至利率超过2%的大额存单都难找到了。就连曾经以高利率揽储闻名的农商行和民营银行也佛系了，部分农商行和民营银行这轮也把存款利率降到2%以下了。要知道农商行和民营银行以前比全国性银行利率高很多。存款利率真的进入“1”时代了。　　民营银行里面微众银行最干脆，直接把1年以上期限的定期存款和大额存单利率全部调到1.6%了，包括5年期也只有1.6%。摆明了不想要吸引长期存款了，你存再长期限也是1.6%。　　长期存款利率被银行压降背后，是大家预期存款利率未来可能继续下调。那么存款利率全面进入1时代后，怎么打赢“钱包保卫战”呢？　　一是找“漏网之鱼”，看看中小银行的特色存款还有没2%以上利率？　　二是通过资产配置分散风险提高收益。比如配置50%存款或者国债，加上30%低风险理财产品，再加上20%股票型基金。如果风险承受能力很低的话，把股票型基金的配置比例降到更低，多配置点前面几种相对低风险的品种。　　也有的投资者干脆直接去买点银行股等着拿分红，以4月28号的收盘价计算的话，银行股2024年股息率平均有4.27%，“秒杀”银行不到2%的存款利率。但是股票价格经常“上蹿下跳”，适合风险承受能力强一点的投资者。当然了，你也可以投资其他分红比较多的股票，比如一些股息率比较高的垄断型央企国企股票。尽量选稳定性比较强的股票赚分红，否则赚的分红还不够股价波动亏的。  （文章来源：21世纪经济报道）,2025-05-09 16:54
央行发布《中国人民银行业务领域数据安全管理办法》,https://finance.eastmoney.com/a/202505093400646190.html,为贯彻党中央、国务院关于数据安全的决策部署，落实《中华人民共和国数据安全法》，进一步夯实数据安全的法治基础，指导督促金融从业机构依法依规开展涉及货币信贷、宏观审慎、跨境人民币、银行间市场、金融业综合统计、支付清算、人民币发行流通、经理国库、征信和信用评级、反洗钱等中国人民银行业务领域数据（以下简称“业务数据”）处理活动，近日，中国人民银行发布《中国人民银行业务领域数据安全管理办法》（中国人民银行令〔2025〕第3号，以下简称《办法》），自2025年6月30日起施行。　　《办法》共七章五十六条：第一章明确《办法》制定依据、适用范围、管理原则、工作机制等；第二章对数据资源目录、分类分级、制度建设、操作规程等方面作出规定；第三章对数据收集、存储、使用、加工、传输、公开、删除等环节明确安全管理规定；第四章从数据存储保护、数据备份、数据传输安全、算法风险防控等方面明确安全技术规定；第五章对数据处理活动的风险监测、通报预警、评估与审计、事件分级、响应处置等方面作出规定；第六章对中国人民银行及其分支机构的监督管理责任落实和数据处理者违反规定行为的处置作出规定；第七章对术语定义、解释权、施行日期作出规定。　　下一步，中国人民银行将组织实施好《办法》，指导金融从业机构依法依规保障业务数据安全，促进业务数据开发利用，保护个人、组织的合法权益，筑牢金融安全防线。　　央行答问　　中国人民银行有关部门负责人就《中国人民银行业务领域数据安全管理办法》答记者问　　为贯彻党中央、国务院关于数据安全的决策部署，落实《中华人民共和国数据安全法》，近日，中国人民银行发布了《中国人民银行业务领域数据安全管理办法》（中国人民银行令〔2025〕第3号，以下简称《办法》）。中国人民银行有关部门负责人就《办法》回答了记者提问。　　问：《办法》出台的背景是什么？　　答：《中共中央国务院关于构建数据基础制度更好发挥数据要素作用的意见》要求，强化数据安全保障体系建设，把安全贯穿数据供给、流通、使用全过程，划定监管底线和红线；加强数据分类分级管理。《中华人民共和国数据安全法》明确工业、电信、交通、金融、自然资源、卫生健康、教育、科技等主管部门承担本行业、本领域数据安全监管职责。　　在此背景下，中国人民银行在充分调研基础上，组织研究起草《办法》，全面衔接《中华人民共和国数据安全法》《网络数据安全管理条例》等，细化明确中国人民银行业务领域数据安全合规底线要求，督促指导相关数据处理者合规开展数据处理活动、履行数据安全保护义务，保障个人、组织合法权益。　　问：《办法》的适用范围是什么？　　答：《办法》严格遵照党中央、国务院关于数据安全管理的分工原则，依据《中华人民共和国中国人民银行法》、中国人民银行主要职责等，适用范围聚焦于金融机构以及经中国人民银行批准设立或者认定的其他机构在中国境内开展的中国人民银行业务领域数据相关处理活动。其中，中国人民银行业务领域是指由中国人民银行承担监督和管理职责的货币信贷、宏观审慎、跨境人民币、银行间市场、金融业综合统计、支付清算、人民币发行流通、经理国库、征信和信用评级、反洗钱等业务领域。　　问：制定《办法》的主要思路是什么？　　答：《办法》既提出数据处理者原则上应当履行的安全保护义务，又明确例外情形下豁免相关义务的措施，相关措施要求不影响正常办理金融业务。《办法》明确从轻或减轻行政处罚的情形，鼓励数据处理者勤勉尽责加强数据安全保护，支持数据处理者提供有价值的数据安全风险情报和协助及时发现重大数据安全风险隐患，有利于协同加强数据安全保障。　　问：《办法》的主要内容包括哪些？　　答：《办法》共七章五十六条：第一章总则，明确制定依据、适用范围、管理原则、工作机制等；第二章业务数据分类分级与总体要求，对数据资源目录、分类分级、制度建设、操作规程等方面作出规定；第三章全流程业务数据安全管理要求，对数据收集、存储、使用、加工、传输、公开、删除等环节明确安全管理规定；第四章全流程业务数据安全技术要求，从数据存储保护、数据备份、数据传输安全、算法风险防控等方面明确安全技术规定；第五章业务数据安全风险与事件管理，对数据处理活动的风险监测、通报预警、评估与审计、事件分级、响应处置等方面作出规定；第六章法律责任，对中国人民银行及其分支机构的监督管理责任落实和数据处理者违反规定行为的处置作出规定；第七章附则，对术语定义、解释权、施行日期作出规定。　　问：《办法》如何实现与其他主管部门间监管协同？　　答：《办法》贯彻落实《国务院办公厅关于深入推进跨部门综合监管的指导意见》提出的“完善各司其职、各负其责、相互配合、齐抓共管的协同监管机制”精神，明确其他有关主管部门有规定的，还应当依法遵守；明确中国人民银行加强与其他有关主管部门间的数据安全监督管理协作配合、信息沟通，必要时可以与其他有关主管部门联合实施执法检查，凝聚行业监管合力。　　问：《办法》出台后，中国人民银行后续工作考虑有哪些？　　答：一是加强政策宣传，指导金融从业机构更准确地理解把握《办法》条款内容。二是完善标准指引，做好配套数据安全相关行业标准的制修订工作。三是规范行政执法，督促相关数据处理者坚守合规底线。四是强化信息共享利用，逐步建立健全数据安全监测预警机制。　　办法全文　　中国人民银行令〔2025〕第3号　　《中国人民银行业务领域数据安全管理办法》已经2025年4月2日中国人民银行第5次行务会议审议通过，现予发布，自2025年6月30日起施行。　　行长潘功胜　　2025年5月1日　　中国人民银行业务领域数据安全管理办法　　第一章 总则　　第一条 为规范中国人民银行业务领域数据的安全管理并促进开发利用，根据《中华人民共和国网络安全法》《中华人民共和国数据安全法》《中华人民共和国个人信息保护法》《中华人民共和国中国人民银行法》《网络数据安全管理条例》等法律、行政法规，制定本办法。　　第二条 在中华人民共和国境内开展与中国人民银行业务领域数据相关的处理活动及其安全监督管理，适用本办法。其他有关主管部门有规定的，还应当依法遵守其规定。　　本办法所称中国人民银行业务领域，指依据法律、行政法规，党中央、国务院决定，由中国人民银行承担监督和管理职责的业务领域。　　本办法所称中国人民银行业务领域数据，指中国人民银行业务领域内产生和收集的不涉及国家秘密的网络数据（以下简称业务数据）。　　本办法所称数据处理者，指金融机构以及经中国人民银行批准设立或者认定的其他机构。　　第三条 业务数据安全工作遵循“谁管业务，谁管业务数据，谁管数据安全”原则。中国人民银行对业务数据安全负指导监管责任。数据处理者应当履行数据安全保护义务，防范业务数据被篡改、破坏、泄露或者非法获取、非法利用等风险，保障国家安全、公共利益、个人及组织合法权益，尊重社会公德伦理，遵守商业道德和职业道德，保障业务数据依法有序自由流动。　　第四条 在国家数据安全工作协调机制统筹协调下，中国人民银行及其分支机构按照本办法开展业务数据安全监督管理工作，加强与其他有关主管部门间的数据安全监督管理协作配合、信息沟通。　　相关金融行业协会应当加强自律管理，依法制定业务数据安全行为规范和团体标准，指导会员加强业务数据安全保护。　　第五条 鼓励数据处理者积极开展业务数据安全创新应用，在保障安全合规前提下促进业务数据的高效流通和开发利用，鼓励在行业内推广优秀创新成果。　　第二章 业务数据分类分级与总体要求　　第六条 中国人民银行负责制定业务数据分类分级保护相关规范标准，指导业务数据分类分级保护工作，组织编制中国人民银行业务领域重要数据目录并实施动态管理。　　第七条 数据处理者应当建立健全业务数据分类分级制度和操作规程。业务数据分类分级实施应当遵循制度规程，分类分级结果应当履行内部审批程序。　　第八条 数据处理者应当建立业务数据资源目录，并从业务关联性、敏感性和可用性方面分别做好业务数据分类：　　（一）标识各数据项是否为个人信息、是否为外部收集产生、存储该数据项的信息系统清单和关联的业务类别。　　（二）根据业务数据遭到泄露或者被非法获取、非法利用时，对个人、组织合法权益或者公共利益等造成的危害程度开展敏感性分类。业务数据的结构化数据项应当逐一标识敏感性，业务数据的非结构化数据项应当优先按照可拆分的各结构化数据项所标识的最高敏感性，标识其敏感性。中国人民银行业务领域内的敏感个人信息、可能涉及商业秘密的客户经营信息、应当严格控制知悉范围的业务信息等，应当标识为高敏感性数据项。　　（三）根据业务数据遭到篡改、破坏后对业务正常运行造成的影响程度，明确信息系统差异化的数据恢复点目标，视为对业务数据的可用性分类。　　第九条 按照国家有关规定，将业务数据分为一般数据、重要数据、核心数据三级。重要数据是指特定领域、特定群体、特定区域或者达到一定精度和规模，一旦遭到篡改、破坏、泄露或者非法获取、非法利用，可能直接危害国家安全、经济运行、社会稳定、公共健康和安全的数据。核心数据是指对领域、群体、区域具有较高覆盖度或者达到较高精度、较大规模、一定深度，一旦被非法使用或者共享，可能直接影响政治安全的重要数据。　　中国人民银行按照国家有关规定组织确定重要数据具体目录，数据处理者应当准确识别、申报本机构存储的全量业务数据是否属于重要数据、核心数据，并填报重要数据具体目录内容。　　中国人民银行汇总形成重要数据具体目录，经国家数据安全工作协调机制审定后，确定重要数据的处理者并告知其对应的重要数据。　　除单独说明的情形外，本办法所列重要数据的保护义务，均适用于核心数据。　　第十条 数据处理者应当每年至少更新一次业务数据资源目录，完整准确记录信息系统所存储数据项和对应标识内容。　　第十一条 数据处理者应当切实履行业务数据安全保护责任，明确业务数据安全保护相关内设部门职责，配备与业务范围和服务规模相适应的数据安全专业人员，细化业务数据安全保护奖惩规程。　　面向社会提供产品、服务的数据处理者应当建立便捷的投诉、举报渠道，及时受理并处理业务数据安全有关投诉、举报。　　重要数据的处理者应当明确业务数据的安全负责人和管理机构。管理机构应当切实履行法律、行政法规已明确的各项责任。业务数据的安全负责人应当符合法律、行政法规已明确需具备的条件，并确保其能够有效履行数据安全保护义务，有权直接向中国人民银行报告业务数据安全情况。　　第十二条 数据处理者应当建立健全全流程业务数据安全管理制度，结合业务数据分类分级明确差异化的安全保护措施，制定业务数据处理活动操作规程和业务数据安全相关内部审批授权规程，明确操作实施和审批授权记录的留存要求。　　不同敏感性数据项在同一个业务数据处理活动中被处理，且难以采取差异化安全保护措施的，应当采取高敏感性数据项对应的安全保护措施。　　第十三条 数据处理者应当根据岗位分工，制定业务数据安全年度培训计划，每年组织业务数据处理活动参与人员开展相关教育培训。培训内容应当包括与业务数据安全相关的制度标准、风险防范常识、岗位责任、保护措施和事件应急处置要求。　　第三章 全流程业务数据安全管理要求　　第十四条 数据处理者应当严格管理处理业务数据相关信息系统数据库管理员账号等特权账号和各类业务处理账号的权限，人员变动时应当立即调整权限。数据处理者应当与可使用高敏感性数据项账号的人员签订保密协议。　　数据处理者存储核心数据的，应当对业务数据的安全负责人和可使用核心数据的关键岗位人员进行安全背景审查。　　第十五条 数据处理者收集业务数据应当采取下列安全保护管理措施：　　（一）除收集自行公开或者其他已经合法公开的业务数据的情形外，收集业务数据时应当依照法律、行政法规和中国人民银行相关规定取得个人同意或者组织授权，并落实相应告知义务。　　（二）非直接面向个人、组织收集其尚未公开的业务数据的，应当在合同或者协议中明确数据提供方保障业务数据来源合法性、真实性的义务。数据提供方未取得个人书面同意或者组织书面授权的，还应当要求其出具业务数据来源依法合规和数据真实性的必要佐证材料。　　（三）采用人工录入方式收集业务数据的，应当采取必要校验措施保障业务数据录入的准确性，按照相关管理要求留存业务数据收集原始凭证。　　（四）原则上不收集图像等原始个人生物识别信息。确需收集的，应当统一规范管理相关需求场景。　　（五）按照与数据提供方合同或者协议中约定的处理目的、方式、范围以及安全保护义务等开展收集和后续的业务数据处理活动。　　第十六条 数据处理者应当根据业务需要，明确业务数据保存期限。除履行法定职责或者法定义务外，高敏感性数据项原则上不在终端设备和移动介质中存储，确需存储的，数据处理者应当统一规范管理相关需求场景。　　第十七条 业务数据使用活动中，数据处理者使用高敏感性数据项，原则上不采取导出方式，使用用于身份鉴别的数据项原则上仅采取核验方式。确需采取导出方式使用高敏感性数据项或者采取其他方式使用用于身份鉴别的数据项的，数据处理者应当统一规范管理相关需求场景。　　除根据个人请求向其展示与其相关业务数据，以及履行法定职责或者法定义务所需外，数据处理者原则上须实施脱敏处理后再展示高敏感性数据项。确需不脱敏展示的，数据处理者应当统一规范管理相关需求场景。　　第十八条 数据处理者应当审查业务数据加工目的与业务数据收集约定是否一致；需要训练业务数据的，应当审查训练业务数据的真实性、准确性、客观性、多样性；需要标注业务数据的，应当抽样审查标注的合理性与准确性；需要建立模型评价激励规则的，应当审查评价激励规则是否尊重社会公德伦理、遵守商业道德和职业道德。　　业务数据加工活动中，数据处理者加工高敏感性数据项的，应当进一步明确应当采取的安全保护措施，并履行内部审批程序；基于加工生成的数据项面向个人提供自动化决策服务的，应当以适当方式向个人解释说明处理目的、用于加工的个人信息种类和加工规则。　　第十九条 对于业务数据加工活动产生新数据项，经评估其敏感性明显低于加工所使用数据项的，数据处理者可遵循规程降低其敏感性标识，促进依法合规开发利用。　　对于业务数据加工活动产生新数据项，经评估其敏感性明显高于加工所使用数据项的，数据处理者应当提高其敏感性标识，并加强业务数据安全保护。　　第二十条 除根据个人请求向其传输与其相关业务数据外，数据处理者原则上不使用邮件、即时通讯、在线文件存储等互联网信息服务或者移动介质传输高敏感性数据项。确有需要的，数据处理者应当统一规范管理相关需求场景。　　第二十一条 从事业务所需的业务数据提供活动，数据处理者应当核验数据接收方身份，并采取下列安全保护管理措施：　　（一）对于涉及个人信息的业务数据提供活动，应当评估是否遵守法律、行政法规要求。对于其他业务数据提供活动，应当评估是否符合保守商业秘密的约定。　　（二）向其他数据处理者提供业务数据涉及个人信息和重要数据的，应当在合同或者协议中明确各自的数据安全保护义务，需要采取的安全保护措施，数据提供的目的、方式、范围，数据允许存储时限，数据提供至第三方的限制和数据安全事件告知义务，并对数据接收方履行约定义务的情况进行监督。　　（三）按照约定做好业务数据清洗转换，对提供数据的真实性作必要审查，不得误导数据接收方。　　（四）除委托处理情形外，原则上不采取导出方式向其他数据处理者提供高敏感性数据项，用于身份鉴别的数据项原则上须采取核验方式提供。确需采取导出方式提供高敏感性数据项或者采取其他方式使用用于身份鉴别的数据项的，数据处理者应当统一规范管理相关需求场景。　　第二十二条 数据处理者向其他数据处理者提供、委托处理、共同处理重要数据前，应当依照法律、行政法规和中国人民银行相关规定进行风险评估，并重点评估数据接收方数据处理目的和方式的合法正当性、数据项列表的需求合理性、数据活动的潜在安全风险、数据接收方诚信守法情况、合同或者协议内容的完备性、拟采取的安全保护措施等。　　除履行法定职责或者法定义务外，数据处理者向其他数据处理者提供核心数据达到国家规定情形的，在提供业务数据之前应当经中国人民银行报国家数据安全工作协调机制开展风险评估。数据处理者不得通过拆分、转换等手段规避上述义务。　　重要数据的处理者因合并、分立、解散、破产等可能影响重要数据安全的，应当依照法律、行政法规要求，事前向中国人民银行或者住所地中国人民银行省级分支机构报告重要数据处置方案，在方案中说明重要数据目录内容更新情况、数据接收方的名称或者姓名和联系方式等。　　第二十三条 数据处理者采用隐私计算等技术促进业务数据融合创新应用的，应当落实本办法第二十一条第一项至第三项要求，并确认除本机构外其他数据处理者无法使用未加密原始数据、与其他数据融合创新应用活动作关联分析无法泄露约定范围外的信息。　　第二十四条 数据处理者因业务等需要向中华人民共和国境外提供数据，存在国家网信部门规定情形的，应当严格遵守其有关规定；法律、行政法规和中国人民银行相关规定有境内存储要求的，业务数据还应当同时在中华人民共和国境内存储。　　符合国家网信部门规定应当申报数据出境安全评估或者开展保护认证等情形的，数据处理者不得对业务数据采取拆分、转换等手段规避相关义务。　　第二十五条 中国人民银行根据有关法律和中华人民共和国缔结或者参加的国际条约、协定，或者按照平等互惠原则，处理外国金融执法机构关于提供业务数据的请求。　　第二十六条 数据处理者应当审核业务数据公开活动的目的、数据项列表、渠道、时限和脱敏处理情况，分析研判可能产生的不利影响，审查业务数据的合法性、真实性，并通过本机构明确的官方渠道公开业务数据。确需通过其他渠道公开的，应当明确采用的安全保护措施并履行内部审批程序。　　业务数据处理活动中，数据处理者不得公开用于身份鉴别的数据项，公开其他高敏感性数据项原则上须作脱敏处理。确需不作脱敏处理的，数据处理者应当统一规范管理相关需求场景。　　第二十七条 数据处理者应当依照法律、行政法规和中国人民银行相关规定，主动删除处理目的已实现、处理目的无法实现、为实现处理目的不再必要或者约定保存期限已届满等情形的业务数据。　　删除业务数据从技术上难以实现的，数据处理者应当停止除存储和采取必要的安全保护措施之外的业务数据处理活动，并每年至少实施一次审查，确认相关业务数据不可被使用。　　第二十八条 数据处理者委托处理业务数据，除落实本办法第二十一条第二项要求外，还应当在合同或者协议中明确受托人需报告的重要事项、委托处理事项完成后传输和删除业务数据的实施方式与时限要求、配合本机构监督其委托处理活动等义务，并采取定期评估等方式监督受托人履约情况。涉及核心数据的委托处理活动，数据处理者应当事前对受托人开展尽职调查，进一步加强对其的监督。　　数据处理者应当将业务数据委托处理活动纳入业务或者信息科技外包管理体系，加强风险管理。　　中国人民银行已明确要求不得以外包形式开展业务的，相关业务数据不得委托处理。　　第四章 全流程业务数据安全技术要求　　第二十九条 数据处理者应当加强访问控制，采取有效技术措施管控业务数据处理账号的数据使用权限，明确特权账号的使用场景并加强使用时的内部审批授权。使用特权账号实施业务数据新增、删除、修改等人工操作时应当逐一开展事前审批和事后审查。使用特权账号开展自动化操作前应当对操作正确性和安全性进行必要检查。　　数据处理者应当加强安全认证，保障业务数据处理账号和特权账号认证口令的强度，限制验证失败重试次数，可使用高敏感性数据项的账号应当支持多因素认证或者二次授权确认，并建立超时退出、访问通信地址变化等情形的重新验证机制。　　第三十条 数据处理者应当规范日志记录，明确业务数据处理活动日志记录信息，满足数据安全风险溯源和事件处置需要。　　业务数据处理活动日志记录高敏感性数据项原则上须经脱敏处理。确需不脱敏处理的，数据处理者应当统一规范管理相关需求场景。　　数据处理者应当将业务数据处理活动日志纳入业务数据分类分级管理，落实安全保护要求。　　数据处理者应当留存业务数据处理活动日志至少六个月；对于与存储重要数据信息系统相关的业务数据处理活动日志，应当留存至少一年；对于与存储核心数据信息系统相关的业务数据处理活动日志，应当留存至少三年。　　数据处理者向其他数据处理者提供、委托处理个人信息、重要数据的业务数据处理活动日志等记录，应当留存至少三年。　　第三十一条 数据处理者应当优先采用直接录入或者信息系统间交互的方式收集业务数据。采用直接录入方式收集业务数据的，应当验证录入人身份；采用信息系统间交互方式收集高敏感性数据项的，应当验证数据提供方身份。　　数据处理者应当采取关联信息交叉核验等技术措施，尽可能保障收集业务数据的准确性。　　数据处理者采用自动化工具方式从其他数据处理者收集业务数据的，应当遵守其数据收集的控制规则，不得干扰网络服务正常运行，不得侵害其他机构网络服务合法运营权益。　　第三十二条 数据处理者应当针对业务数据存储活动采取下列安全保护措施：　　（一）有效隔离信息系统开发测试环境与生产环境。　　（二）存储重要数据的信息系统应当满足三级网络安全等级保护要求，存储核心数据的信息系统应当满足四级网络安全等级保护要求或者关键信息基础设施保护要求，并优先采购安全可信的网络产品和服务。　　（三）原则上高敏感性数据项须加密存储，确需不加密存储的，数据处理者应当统一规范管理相关需求场景。中国人民银行对业务数据存储有使用商用密码保护特别规定的，按照其规定执行。　　（四）及时评估并调整业务数据存储承载容量。对照信息系统数据恢复点目标，做好生产环境业务数据冗余备份，按照中国人民银行要求定期验证冗余备份业务数据的可用性。评估备份技术措施是否具备防范生产环境业务数据和冗余备份业务数据同时遭到篡改、破坏等风险的能力，并针对性加强安全保护措施。　　第三十三条 数据处理者应当明确高敏感性数据项的脱敏处理策略，切实降低脱敏业务数据仍可识别至特定个人、组织的风险。　　数据处理者应当建立终端设备安全管控策略，明确安全防护措施要求。业务数据展示、打印时应当采取技术措施标识当前使用业务数据的业务处理账号和使用时间。　　除开发测试环境与生产环境业务数据安全保护措施完全一致的情形外，生产环境数据项用于开发测试环境的，应当履行内部审批程序并实施脱敏处理。　　第三十四条 数据处理者应当建立业务数据加工算法风险评估和控制策略，明确可解释性、脆弱性等风险对应的防范或者缓释措施和停止使用加工算法开展自动化决策时的替代方案。　　第三十五条 数据处理者应当针对业务数据传输活动采取下列安全保护措施：　　（一）优先采取专用线路、虚拟专用网等技术加强业务数据传输安全保护。　　（二）健全访问控制和安全隔离策略，加强相关终端设备准入控制。　　（三）原则上高敏感性数据项须加密传输至其他数据处理者、其他数据中心或者互联网。确需不加密传输的，数据处理者应当统一规范管理相关需求场景。中国人民银行对业务数据传输有使用商用密码保护特别规定的，按照其规定执行。　　（四）及时评估并调整通信线路的传输承载容量，加强通信线路和相关软硬件设备的冗余备份。　　第三十六条 数据处理者应当动态维护本机构提供业务数据的前置网关和应用程序接口清单，并在前置网关和应用程序接口变更投产前开展安全测试，发现风险隐患立即采取补救措施。　　数据处理者采用隐私计算等技术提供业务数据的，应当建立技术风险评估和控制策略，明确安全不可验证、性能不可接受等风险的应对措施。　　第三十七条 数据处理者应当制定本机构公开的业务数据是否允许自动化工具收集的控制规则，并采取必要技术措施保障公开的业务数据不被篡改。　　第三十八条 数据处理者应当明确业务数据存储介质销毁策略，规范销毁实施方式和过程监督程序。　　第五章 业务数据安全风险与事件管理　　第三十九条 数据处理者应当加强业务数据处理活动风险监测，有效识别下列风险并立即采取补救措施：　　（一）存在法律、行政法规禁止发布传输的信息。　　（二）存在计算机病毒、木马、勒索等恶意程序，数据安全漏洞、认证口令强度偏低等缺陷。　　（三）高敏感性数据项安全保护措施失效。　　（四）异常的业务数据处理活动。　　（五）业务数据传输或者存储承载能力不足。　　第四十条 数据处理者应当加强对业务数据泄露、业务数据被非法兜售、仿冒本机构身份处理业务数据，以及其他与本机构有关的业务数据安全负面舆情的风险监测，发现相关风险时应当立即核实处置。　　第四十一条 中国人民银行及其分支机构通报与业务数据相关的数据安全缺陷、漏洞等风险时，数据处理者应当立即核实处置，并根据通报要求按时准确反馈情况。　　鼓励数据处理者向中国人民银行及其分支机构提供具有行业共享价值的业务数据安全风险情报。　　第四十二条 重要数据的处理者应当自行或者委托第三方评估机构，每年对业务数据开展一次风险评估，并于每年1月15日前向中国人民银行或者住所地中国人民银行省级分支机构报送上一年度风险评估报告。除法律、行政法规已明确应当评估的内容外，风险评估报告还应当包含与存储重要数据信息系统相关的人员培训与日常管理情况，与业务数据相关的岗位职责落实情况、网络安全等级保护测评和整改情况、保护措施执行情况、本年度风险监测和事件处置情况，以及中国人民银行要求的其他评估内容。　　第四十三条 数据处理者应当按照国家网络安全事件应急预案有关事件分级要求，综合考虑影响范围和程度，明确业务数据安全事件对应的分级标准：　　（一）业务数据被篡改、破坏事件分级的标准应当考虑信息系统数据恢复点目标、无法正常提供服务时长、受影响业务笔数和金额、受影响个人或者组织数量、损失的不同敏感性数据项和对应规模等因素。　　（二）业务数据泄露事件分级的标准应当考虑受影响个人或者组织数量、泄露的不同敏感性数据项和对应规模等因素。　　（三）涉及核心数据、重要数据泄露或者被篡改、破坏的安全事件，应当分别分级为特别重大事件、重大事件。　　第四十四条 数据处理者应当做好业务数据安全事件分级，发生业务数据安全事件时，应当立即采取处置措施，按照规定及时告知用户并按照中国人民银行要求及时、准确、完整报告事件情况。　　数据接收方、委托处理受托人发生与数据处理者所提供业务数据相关的数据安全事件的，数据处理者应当开展调查评估，督促相关机构立即采取补救措施并向有关主管部门报告。　　重要数据的处理者应当每年至少开展一次针对业务数据安全事件的应急演练，其他数据处理者应当每三年至少开展一次针对业务数据安全事件的应急演练。　　第四十五条 数据处理者应当对照法律、行政法规和本办法所列安全保护措施要求，以及本机构业务数据安全相关管理制度和操作规程的执行情况，每三年至少开展一次业务数据安全合规审计，重要数据的处理者应当每年至少开展一次与重要数据安全相关的合规审计。发生重大或者特别重大事件后，应当开展专项审计。审计应当重点关注业务数据资源目录是否及时更新、相关信息系统账号权限管理是否严密、业务数据处理活动相关合同或者协议是否完备、高敏感性数据项安全保护措施是否有效、数据委托处理受托人管理职责是否落实、前置网关和应用程序接口是否持续安全维护、数据安全风险监测是否有效、数据安全风险与事件处置是否及时、数据出境是否合规、数据安全投诉处理是否及时等情况。　　第四十六条 数据处理者应当加强风险评估人员和审计人员使用业务数据权限的管理，采取必要措施确保实施过程的业务数据安全。　　与业务数据相关的风险评估报告和审计报告记录高敏感性数据项时应当进行脱敏处理。　　数据处理者委托第三方评估机构、审计机构开展与业务数据相关的风险评估或者审计工作的，应当在合同或者协议中明确其数据安全保护义务和对应责任，指定本机构人员全程参与。涉及会计审计服务的，还应当按照国家网信部门和财政部门要求，进一步加强相关业务数据安全保护。　　第六章 法律责任　　第四十七条 中国人民银行及其分支机构发现数据处理者的业务数据处理活动存在较大安全风险时，可以对其进行约谈和要求其采取措施进行整改；发现影响或者可能影响国家安全的业务数据处理活动线索时，可以要求数据处理者按照国家有关规定进行国家安全审查。　　中国人民银行及其分支机构按照职责可以对数据处理者与业务数据相关的数据安全保护义务落实情况开展执法检查，必要时可以与其他有关主管部门联合实施执法检查。　　第四十八条 中国人民银行及其分支机构发现数据处理者在业务数据处理活动中未履行数据出境安全评估或者保护认证等义务的，应当将相关案件信息移送同级网信部门，并配合其予以处理。　　第四十九条 数据处理者未履行本办法规定的数据安全保护义务，有下列情形之一的，中国人民银行及其分支机构依照《中华人民共和国数据安全法》第四十五条予以处罚：　　（一）未依照法律、行政法规对应规定，建立健全全流程业务数据安全管理制度的。　　（二）未依照法律、行政法规对应规定，组织开展业务数据安全教育培训的。　　（三）未依照法律、行政法规对应规定，采取相应的技术措施和其他必要措施，保障业务数据安全的。　　（四）重要数据的处理者未明确业务数据安全负责人和管理机构的。　　（五）未有效监测业务数据安全风险的。　　（六）发现业务数据安全风险未立即采取补救措施的。　　（七）发生业务数据安全事件未立即采取处置措施，未及时告知用户，或者未按照要求报告事件情况的。　　（八）重要数据的处理者未每年对业务数据开展一次风险评估，或者未按照要求报送风险评估报告的。　　第五十条 中国人民银行及其分支机构发现数据处理者开展业务数据处理活动排除、限制竞争，或者损害个人、组织合法权益的，依照相关法律、行政法规予以处理，属于其他有关主管部门管理职责的，移送相关案件信息并配合其予以处理。　　第五十一条 中国人民银行及其分支机构发现数据处理者开展业务数据处理活动，涉嫌构成违反治安管理行为或者构成犯罪的，将相关案件信息移送同级公安机关、国家安全机关等有关主管部门，并配合其予以处理。　　第五十二条 数据处理者发生业务数据安全事件造成危害后果，如能证明本机构已按照规定采取数据安全保护措施，并立即采取补救措施的，应当对其从轻或者减轻行政处罚。　　数据处理者积极提供数据安全风险情报，协助及时发现重大业务数据安全风险的，应当对其未履行数据安全保护义务但尚未造成危害后果的行为，从轻或者减轻行政处罚。　　第五十三条 中国人民银行及其分支机构工作人员在业务数据处理活动的安全监督管理过程中存在玩忽职守、滥用职权、徇私舞弊情形的，依法给予处分。　　第七章 附则　　第五十四条 术语定义：　　（一）数据项，是指描述网络数据结构最基本的、不可分割的单位。　　（二）结构化数据项，是指具有预定义的抽象描述数据类型，通常为使用数据库二维逻辑表单一字段指代的数据项。　　（三）非结构化数据项，是指不适宜用数据库二维逻辑表展现的数据项，如图像、视频、音频、文档文件等。　　（四）终端设备，是指数据处理者在业务数据处理活动中所用的计算机终端、移动智能终端、音视频和多媒体设备、其他专用终端设备。　　（五）导出方式，是指数据使用或者提供活动中，将原本具有严格访问权限控制和访问日志记录的业务数据，转换成未实施严格访问控制或者无访问日志记录的文档文件的操作方式。　　（六）核验方式，是指业务数据使用或者提供活动中，经核实验证后，仅反馈与存储业务数据是否匹配的操作方式。　　（七）统一规范管理，是指数据处理者在本机构制度或者操作规程中对不执行本办法所提原则性合规要求的情形予以集中列举，并说明保留此类情形的必要性、对应需采取的安全保护措施和需履行的必要内部审批程序。　　第五十五条 本办法由中国人民银行负责解释。　　第五十六条 本办法自2025年6月30日起施行。 （文章来源：央行网站）,2025-05-09 17:03
外资抛售印度资产！万斯就印巴冲突表态,https://finance.eastmoney.com/a/202505093400733798.html,外资抛售印度资产。　　据最新消息，外国银行周四卖出了创纪录数量的印度国债，印度与巴基斯坦持续的边境冲突影响了投资者的情绪。5月8日，外国银行净卖出1063亿卢比（约合人民币90亿元）的印度国债。　　受此影响，印度股市、债市连续下挫。5月9日，印度SENSEX30指数一度大跌1.7%；印度10年期国债收益率日内最高攀升至6.54%。有分析称，冲突可能会提高风险溢价，尽管局势不太可能失控，预计印度央行可能将进行干预以抑制波动。　　当前印巴之间的紧张局势不断升级。5月9日，据新华社消息，印度武装部队8日对巴基斯坦多个地点的防空系统发动袭击，巴基斯坦击落多架印度无人机。另据央视新闻客户端，当地时间5月9日，印度军队夜间对巴控克什米尔地区的科伊拉塔等地进行炮击，造成5名平民死亡。　　猛烈抛售　　当地时间5月9日，彭博社报道，由于印度与巴基斯坦边境冲突日益加剧，外国银行周四净卖出1063亿卢比的印度国债，根据印度清算公司2006年以来的数据，这一数字创下了新高。　　报道称，尽管市场预期印度央行可能降息以缓冲影响，但投资者仍担忧地区紧张局势升级对经济的冲击。在全球贸易不确定性增加的情况下，印度作为安全投资目的地的吸引力有所下降。　　渣打银行有关人士表示：“尽管印度的宏观基本面利好印度政府债券，但短期市场情绪和资金流动将取决于印度和巴基斯坦局势的发展。”　　反映到市场层面，印度股市和债市连续第二天下跌。5月9日，印度SENSEX30指数盘初一度大跌1.7%，随后跌幅有所收窄，截至北京时间16:30，跌幅为1.21%。前一交易日，该指数收跌0.51%。　　国债市场亦持续下挫，印度10年期国债收益率一度攀升至6.54%，扭转了近期印度债券市场受央行注资和降息推动的涨势。汇率方面，印度卢比在周四盘中交易中创下2022年以来最大跌幅后，窄幅震荡。　　德意志银行驻孟买首席印度经济学家考希克·达斯在一份报告中写道，冲突可能会提高风险溢价，尽管局势不太可能失控。他预计印度央行“将进行干预以抑制波动”。　　据知情人士透露，印度储备银行预计卢比不会出现大幅波动，但随着与巴基斯坦的紧张局势升级，印度储备银行准备动用外汇储备来维持货币稳定。　　印度发动袭击　　5月9日，据新华社消息，印度武装部队8日对巴基斯坦多个地点的防空系统发动袭击，巴基斯坦击落多架印度无人机。　　当地时间5月9日，巴基斯坦安全人士称，巴方在旁遮普省韦哈里、帕克帕坦和奥卡拉共击落6架印度无人机。　　巴基斯坦三军新闻局局长乔杜里8日表示，印度无人机自当地时间当天凌晨起持续侵入巴基斯坦境内，目前已造成3人死亡，4人受伤。巴方在拉合尔、拉瓦尔品第、卡拉奇等地击落了29架印度无人机。　　印度国防部长拉杰纳特·辛格8日表示，印方对巴基斯坦发起的“朱砂行动”目前仍在进行中。当地时间7日至8日夜晚，巴方使用无人机和导弹袭击印北部和西部的多个军事目标，均被印方防空系统挫败。　　据印度媒体报道，在近日与巴基斯坦的军事冲突升级后，印度总理莫迪当地时间8日召开政府部长会议，称国家处于“敏感时期”，敦促各部门“持续保持警惕”，并“保持清晰沟通”。　　据报道，莫迪重申了印度政府对确保国家安全、作战准备和公民安全的承诺。　　据此前报道，印控克什米尔地区4月22日发生针对游客的枪击事件，造成重大人员伤亡，印方认定巴基斯坦与枪击事件有关联。两国此后都采取强硬措施，引发局势升级。　　万斯就印巴冲突表态　　参考消息援引据法新社报道，当地时间5月8日，美国副总统万斯表示，印度和巴基斯坦之间的冲突“从根本上来说不关美国的事”，同时主张“缓和局势”。　　万斯在接受美国福克斯新闻频道采访时说：“我们能做的就是鼓励他们缓和局势，但我们不会卷入一场从根本上说与我们不相关的战争。”　　据巴基斯坦联合通讯社5月8日报道，巴基斯坦总理夏巴兹·谢里夫8日接到美国国务卿马尔科·鲁比奥的电话，双方讨论了印巴当前局势。　　据报道，巴基斯坦总理府新闻部门发表的一份新闻公报称，在通话中，夏巴兹表达了对印度导弹和无人机袭击的强烈谴责，袭击导致31名平民死亡，57人受伤，破坏了民用基础设施。　　他补充说，印度的袭击侵犯了巴基斯坦的主权和领土完整，严重危害南亚地区的和平与稳定。　　夏巴兹重申了巴基斯坦不惜一切代价捍卫其主权和领土完整的坚定决心。他指出，巴基斯坦人民对印度无端的战争行为感到愤怒，并强调根据《联合国宪章》第51条，巴基斯坦保留采取自卫行动的权利。　　鲁比奥表示，美国密切关注南亚局势，并致力于促进该地区的和平与稳定。　　为此，他强调巴基斯坦和印度双方需密切合作，以缓和局势。双方同意保持联系。（文章来源：券商中国）,2025-05-09 18:48
虚拟币异动！比特币站上10万美元 以太坊涨幅惊人 全市场近23万人爆仓,https://finance.eastmoney.com/a/202505093400632622.html,全线爆发！　　5月9日，比特币继续大涨，站上10万美元。截至发稿，比特币报103767.7美元，24小时内涨4.31%。　　以太坊涨幅惊人，截至发稿，以太坊报2473.35美元，24小时内暴涨近28%。　　除了比特币、以太坊，特朗普币涨超17%，狗狗币涨超16%，艾达币涨超14%，索拉纳币涨超11%。　　这一波暴涨行情，又导致不少人爆仓。据Coinglass统计，过去近24小时内，加密货币全网爆仓人数近23万人，爆仓金额达到10.14亿美元。其中，最大单笔爆仓单发生在Binance-BTC，价值1196.92万美元。　　据新华社消息，美国总统特朗普8日在白宫宣布，美国与英国达成一项新的贸易协议，部分撤回特定领域的关税，进一步扩大双方产品的市场准入。然而，协议的诸多细节尚待敲定，美方此前加征的10%所谓“对等关税”也未取消。　　特朗普在白宫对媒体说，协议最终细节将在接下来几周内敲定。英国首相斯塔默当天通过电话远程进行了发言。　　根据白宫发布的文件，每年从英国出口到美国的前10万辆汽车将按照10%的额外关税税率征税，超过部分则按25%的额外关税税率征税。英国将削减或者取消非关税壁垒，对美国牛肉、乙醇、谷物等产品及一些工业产品扩大市场准入。　　英国政府当天在官网发表声明说，英美将互相削减关税。英国出口至美国的钢铝产品的关税将被取消。英国进口到美国的汽车关税将由现在的27.5%下调至10%。此外，在一定配额内，英国的农产品出口美国也将实行零关税。英国将把自美国进口的乙醇的关税降至零。　　白宫方面强调，美国此前对贸易伙伴加征的10%所谓“对等关税”将继续保留。特朗普对媒体说，英国10%的关税并不是其他国家的模板，这可能是最低关税，其他国家可能高于这个关税税率。　　5月9日消息，萨尔瓦多比特币办公室表示，该国已买入更多比特币。此举延续了萨尔瓦多作为首个将比特币作为法定货币国家的立场，旨在加强其数字货币储备并推动经济多元化。　　此外，美东时间周二，美国新罕布什尔州的立法机构投票通过了一项法案，使得该州成为全美国第一个建立加密货币储备的州。美国亚利桑那州立法机构已通过法案允许将高达10%的公共资金投资于比特币和数字资产。　　加密货币交易所Kraken的全球经济学家Thomas Perfumo指出，比特币重新站上六位数大关，正值全球市场风险情绪复苏之际。股票市场表现强劲，投资者对于配置风险资产的意愿正在增强，而这种情绪也迅速蔓延到了加密货币领域。 　　渣打银行数字资产主管杰弗里·肯德里克日前表示：“我之前将比特币第二季度的目标定在12万美元，这或许太低了，我为此道歉。”他表示：“我们认为涨势将持续到夏季，比特币将在年底前接近我们预测的20万美元的目标。” （文章来源：证券时报网）,2025-05-09 16:49
iPhone产品线据称将大扩容：一年发两次新机 最多6款新品,https://finance.eastmoney.com/a/202505093400722652.html,在去年一份泄露的内部备忘录中，苹果硬件主管约翰·特纳斯豪言当前iPhone的产品路线图是“有史以来最具野心的”。而本周的爆料，终于让外界得以一窥苹果的“野心”到底长啥样。　　据两个知名科技爆料信源——科技分析师郭明錤和资深科技记者Wayne Ma本周透露的信息，从iPhone 18开始，苹果将进入“一年分两次发布新手机”的状态。　　至于今年9月就将问世的iPhone 17系列，早就已经被“剧透”了个底朝天：包括基础款iPhone 17、iPhone 17 Pro和Pro Max，以及全新的超薄款iPhone 17 Air。主要的升级点包括“全系高刷屏”，以及背后的摄像头凸起形状发生变化。 （iPhone 17系列机模泄露图，来源：toms guide）　　本周的最新消息，使得投资者们知晓未来几年能够期待的产品更新。　　根据爆料，苹果的入门款机型也将进入一年更新一次的状态。继今年2月发布iPhone 16e后，iPhone 17e将在明年年初推出。　　之后的2026年秋季发布会将发布4款机型，其中iPhone 18 Air尺寸与17 Air相同，iPhone 18 Pro和Pro Max的“灵动岛”设计可能会被改成角落里的“药丸孔”。当然，最受关注的应该是苹果首款折叠屏手机iPhone 18 Fold。　　值得注意的是，iPhone 18要等到2027年初，与iPhone 18e一同发布，这代表着基础型号的发布节点开始变成上半年。　　所以2027年总共会有6款新iPhone。在27年下半年的四款新机中，iPhone 19 Air的屏幕会更大一些。Pro机型的摄像头开孔可能会被完全取消，同时iPhone 19 Fold会是第二代折叠屏机型。　　近几年来，随着iPhone产品迭代陷入缺乏冲击力的困境，销量基本处于停滞状态。虽然苹果每年依然能售出数亿部手机，但缺乏增长始终是悬在苹果股东头上的风险。　　郭明錤表示，苹果改成一年分两次发布iPhone的策略，主要是受到中国市场激烈竞争的影响。中国的竞争对手通常会在上半年发布新手机，若苹果也推出新iPhone，将缩小营销的空窗期。　　此外随着竞争愈发激烈，苹果将需要提供超薄新机、折叠屏手机等更多的产品，若都挤在9月发布将导致营销资源分散。过去几年的出货情况也显示， 上市后Pro系列的出货占比持续提升，已经对平价机型形成挤压。　　对于苹果来说，改变发布路线图只是叙事的一部分。若要大幅提振换机需求，苹果还需要拿出引人注目的软件和AI更新。在下个月的WWDC上，投资者将能听到更多这方面的消息。（文章来源：财联社）,2025-05-09 18:24
比5G快10倍！一图梳理5G-A产业链,https://finance.eastmoney.com/a/202505093400669775.html,周五(5月9日)5G-A同时火上了央视和新华网两大央媒，相关概念股盘中也有所异动，武汉凡谷涨停，硕贝德盘中一度大涨超12%，此后回落收盘涨近6%。　　5G-A，又被称为“5.5G”，是一种介于5G和6G之间的移动通信技术。因为移动通信技术大约每10年更新换代一次，每一代之间的技术差距都相当大，因此在这10年的中间时刻，往往会出现一种介于两代之间的过渡代。　　据央视新闻周五报道，最近不少用户发现手机上出现了5G-A信号。专家表示，目前，我国运营商已经在国内31个省份部署了5G-A测试网络，预计可支撑5000万用户，同时也在欧洲、拉美、中东等多个地区得到了验证。　　央视引用专家的话称，5G-A和5G相比，最直观的体验就是“快”，且快了10倍。数据下载的最高速率将从5G初期的千兆提升到万兆，可以支撑扩展现实、裸眼3D等创新业务需要的大带宽、低时延和高可能性。数据上传的最高速率也从百兆提升到千兆，能够支持海量数据全面上云端、直播全民化，以及全息交互的对称体验等。　　电信运营商工作人员表示，目前市面上的主流机型，都可以体验5G-A的网络。在享受更快速网络的同时，不会额外收费。5G-A网络需要当地基站支持才能使用，不仅要有5G-A信号覆盖，同时也需要手机终端支持5G-A网络。　　而对于投资者更关心的资本开支。中国移动表示，今年将投资近百亿元，进一步扩大5G-A中的无线网络AI应用等规模部署，实现超过40万基站的智能化改造。　　中国电信今年将推动5G-A在多个行业和场景的应用落地，联合产业链进行创新试点。　　中国联通今年计划在39个重点城市主城区及300余城市重点场景启动5G-A，并应用到物联网、车联网、工业互联网等重点场景。 （文章来源：东方财富研究中心）,2025-05-09 17:23
星链业务版图有望扩张 全球卫星互联网或迎来加速发展,https://finance.eastmoney.com/a/202505093400737418.html,据多家媒体消息称，马斯克的SpaceX已收到印度电信部（DoT）的意向书（Lol），当地政府有条件批准Starlink（星链）在该国提供卫星互联网服务。　　TechCrunch指出，目前，SpaceX需要提交文件证明公司符合许可要求，还需获得印度IN-SPACe（印度国家太空促进和授权中心，政府支持私营部门参与太空活动的重要平台）的批准，才能提供卫星通信服务。　　有知情人士透露，Starlink若想在印度正式落地服务，还需要6-9个月时间。　　印度《经济时报》称，在SpaceX同意遵守印度发布的新安全规范之后，当地政府才批准了这一项目。这里提到的“新安全规范”条款较为严格，包括服务提供商必须确保数据在印度境内传输；禁止将用户连接到任何海外终端或设施等等。　　大约两个月之前，印度当地电信运营商Airtel和Reliance Jio宣布与SpaceX达成合作，在印度推出Starlink高速互联网服务。但尽管有这层合作关系在，Starlink服务上线的计划仍然算不上顺利，因为其仍需要单独获得监管批准。　　在2022年时，SpaceX曾在未取得所需许可证的情况下，就在印度推出Starlink，之后遭到印度政府警告，批评公司未获许可便擅自提供/预订卫星互联网服务，SpaceX由此被迫向已预订设备的用户退款。　　我国卫星互联网建设加速推进　　在这背后，卫星互联网市场需求崛起，商业航天已进入加速组网阶段，手机直连卫星时代有望开启。同时，我国卫星互联网建设也在加速推进。　　4月30日，国家互联网信息办公室等七部门联合发布《终端设备直连卫星服务管理规定》，对终端直连卫星提出明确指引，这是我国首个专门就终端设备直连卫星出台的规范性文件，对促进和规范我国终端设备直连卫星服务健康发展具有重要意义，预计将于2025年6月1日起施行。　　在4月24日的2025年“中国航天日”主场活动中获悉，截至目前，我国低轨卫星星座千帆星座已完成五个批次的组网卫星发射，全面进入常态化发射组网阶段。千帆星座的国际业务也在推进，当日垣信卫星与泰国国家电信正式签订战略合作框架协议。　　同样在4月24日，上海市经济信息化委、市国防科工办、市发展改革委、市财政局印发《上海市关于加快培育商业航天先进制造业集群的若干措施》，到2027年，上海商业航天产业规模力争达到1000亿元左右。标志性产品产业化规模放量，商业火箭总装制造能力每年100发、商业卫星智能制造能力每年1000颗、应用终端批量制造能力每年100万个。　　如今卫星互联网星座已经迈入了放量组网建设阶段，建设进度明显加速。并且，之前我国商业航天公司星际荣耀、蓝箭航天均公开表示将在2025年发射可回收火箭，多个火箭产品已经完成10公里级垂直起降返回飞行试验。　　开源证券则认为，2025年将是我国两大星座规模组网发力之年，同时地面应用环节将有望在今年迎来重大变革。　　五矿证券今日研报指出，相比地面基站，低轨卫星覆盖成本更低，但带宽成本更高。据测算，5G基站的覆盖成本约为4.6万元/平方公里，带宽成本约为146元/Mbps，中国低轨卫星的覆盖成本约为2.9元/平方公里，带宽成本约为2345元/Mbps。　　低轨卫星能以较低成本实现网络全球覆盖。据分析师测算，按照120美元/人/月收费，5年的卫星寿命，1374万用户可以覆盖1万颗低轨卫星组成基础网络的建设成本。而Starlink已经在2023年11月，在用户达到230万至300万之间时实现了现金流盈亏平衡。（文章来源：财联社）,2025-05-09 18:57
国常会：研究深化国家级经济技术开发区改革创新有关举措,https://finance.eastmoney.com/a/202505093400746383.html,李强主持召开国务院常务会议，研究深化国家级经济技术开发区改革创新有关举措。会议指出，要以高水平对外开放促进深层次改革、高质量发展，大力推进“高效办成一件事”，能解决企业反映突出的堵点卡点问题，强化要素保障，制定支持政策和配套措施为国家级经济技术开发区发展营造更好环境。　　会议全文　　李强主持召开国务院常务会议　　国务院总理李强5月9日主持召开国务院常务会议，学习贯彻习近平总书记在部分省区市“十五五”时期经济社会发展座谈会上的重要讲话精神。　　会议强调，要准确把握党中央对“十五五”时期的阶段性要求，自觉对标对表，合理确定各领域目标任务，充分体现党中央战略意图。要深入谋划“十五五”时期经济社会发展重点工作，加快构建新发展格局，促进经济持续向好，因地制宜发展新质生产力，稳步推动共同富裕。要加强调查研究，广泛听取各方面意见建议，为规划编制提供有力支撑。　　会议听取推动自贸试验区建设提质增效工作汇报。会议指出，要支持自贸试验区对标国际高标准经贸规则，进一步加大制度创新力度，在发展服务贸易、便利数据跨境流动等方面先行先试，开展差异化探索。要因地制宜扩大改革任务授权，根据产业发展实际需要优化调整区域布局范围，稳步推动成熟自贸试验区提升能级。　　会议研究深化国家级经济技术开发区改革创新有关举措。会议指出，要以高水平对外开放促进深层次改革、高质量发展，大力推进“高效办成一件事”，解决企业反映突出的堵点卡点问题，强化要素保障，制定支持政策和配套措施，为国家级经济技术开发区发展营造更好环境。　　会议审议通过《政务数据共享条例（草案）》。会议指出，要在确保数据安全基础上打通数据壁垒，推动公共服务更加普惠便捷。要构建全国一体化政务大数据体系，更好赋能社会治理和繁荣产业生态。　　会议研究《国家水上交通安全监管和救助系统布局规划（2025—2035年）》。会议指出，要加快建设现代化水上交通安全监管和救助系统，强化部门和地方协调联动，加强重要装备和关键技术创新，创造条件吸引社会资本参与重大监管救助工程项目。　　会议指出，近期一些地方安全事故接连发生、教训深刻，表明安全生产任何时候都不能掉以轻心。要深入贯彻落实习近平总书记重要指示精神，进一步压实各方责任，尤其是要在“防”上下更大力气，扎实开展风险隐患排查，对重点领域重点场所重点问题采取更有针对性的措施加以整治，坚决防范遏制重特大安全事故发生。　　会议还研究了其他事项。 （文章来源：财联社）,2025-05-09 19:18
央行设立服务消费与养老再贷款 额度5000亿元,https://finance.eastmoney.com/a/202505093400729414.html,"为贯彻落实中央经济工作会议和4月25日中央政治局会议精神，扩大服务消费供给、提振服务消费需求，持续做好金融“五篇大文章”，5月9日，中国人民银行印发《关于设立服务消费与养老再贷款有关事宜的通知》，设立服务消费与养老再贷款,激励引导金融机构加大对住宿餐饮、文体娱乐、教育等服务消费重点领域和养老产业的金融支持。　　服务消费与养老再贷款额度5000亿元,年利率1.5%，期限1年，可展期2次，最长使用期限不超过3年。发放对象包括国家开发银行、政策性银行、国有商业银行、中国邮政储蓄银行、股份制商业银行等21家全国性金融机构和北京银行、上海银行、江苏银行、南京银行、宁波银行等5家属于系统重要性金融机构的城市商业银行（以下简称26家金融机构）。政策执行至2027年末。　　26家金融机构根据经营主体申请，按照风险自担的原则，自主决策是否发放贷款及贷款发放条件。对于符合政策支持领域的贷款，26家金融机构可按照贷款本金的100%，按季向中国人民银行申请再贷款，并对报送贷款信息的真实性负责。中国人民银行根据金融机构报送的申请，按照相关政策规定向金融机构发放再贷款，加强事后核查和监督管理。 （文章来源：央行网站）",2025-05-09 18:35
国常会：听取推动自贸试验区建设提质增效工作汇报,https://finance.eastmoney.com/a/202505093400745961.html,国务院总理李强5月9日主持召开国务院常务会议，学习贯彻习近平总书记在部分省区市“十五五”时期经济社会发展座谈会上的重要讲话精神。　　会议强调，要准确把握党中央对“十五五”时期的阶段性要求，自觉对标对表，合理确定各领域目标任务，充分体现党中央战略意图。要深入谋划“十五五”时期经济社会发展重点工作，加快构建新发展格局，促进经济持续向好，因地制宜发展新质生产力，稳步推动共同富裕。要加强调查研究，广泛听取各方面意见建议，为规划编制提供有力支撑。　　会议听取推动自贸试验区建设提质增效工作汇报。会议指出，要支持自贸试验区对标国际高标准经贸规则，进一步加大制度创新力度，在发展服务贸易、便利数据跨境流动等方面先行先试，开展差异化探索。要因地制宜扩大改革任务授权，根据产业发展实际需要优化调整区域布局范围，稳步推动成熟自贸试验区提升能级。　　会议研究深化国家级经济技术开发区改革创新有关举措。会议指出，要以高水平对外开放促进深层次改革、高质量发展，大力推进“高效办成一件事”，解决企业反映突出的堵点卡点问题，强化要素保障，制定支持政策和配套措施，为国家级经济技术开发区发展营造更好环境。　　会议审议通过《政务数据共享条例（草案）》。会议指出，要在确保数据安全基础上打通数据壁垒，推动公共服务更加普惠便捷。要构建全国一体化政务大数据体系，更好赋能社会治理和繁荣产业生态。　　会议研究《国家水上交通安全监管和救助系统布局规划（2025—2035年）》。会议指出，要加快建设现代化水上交通安全监管和救助系统，强化部门和地方协调联动，加强重要装备和关键技术创新，创造条件吸引社会资本参与重大监管救助工程项目。　　会议指出，近期一些地方安全事故接连发生、教训深刻，表明安全生产任何时候都不能掉以轻心。要深入贯彻落实习近平总书记重要指示精神，进一步压实各方责任，尤其是要在“防”上下更大力气，扎实开展风险隐患排查，对重点领域重点场所重点问题采取更有针对性的措施加以整治，坚决防范遏制重特大安全事故发生。　　会议还研究了其他事项。 （文章来源：央视网）,2025-05-09 19:17
补偿老业主百万“封口”？李嘉诚旗下北京一豪宅项目7折抛售,https://finance.eastmoney.com/a/202505093400758344.html,李嘉诚旗下企业在北京开发长达二十余年的住宅项目——御翠园，因其再度降价抛售，引发市场广泛关注。　　记者获悉，长实位于北京朝阳区东四环的“御翠园”项目于近日推售新一批房源，该项目高层项目均价降至7万元/平方米，总价最低980万元起，较去年开盘价格下降近百万。　　“这次推出的房源，销售均价为7万元-7.1万元/平方米，户型是140平方米、180平方米的高层，目前这几个户型都有房源在售。”该项目售楼人员告诉记者，本次优惠活动是从五一开始的，其表示，五一假期的时候人比较多，140平方米的户型卖得不错。　　按照该项目此前9.07万元-9.97万元/平方米的备案价，此次开盘的户型，每平方米售价下降近2万元-2.9万元；由此计算，本次销售价格较备案价最高价格，相当于打了7折。　　“御翠园是个开发周期超过20年的老盘。由于这个项目拿地时间很早，土地成本极低，也有着更大的利润空间，今年打折加大也是顺应当下市场、加速去化的表现。”58安居客研究院院长张波告诉记者。　　其进一步表示，今年以来第四代建筑开始不断增多背景下，未来会有更多户型好、得房率高的产品上市，这进一步增大了御翠园的销售压力。　　降价百万“抛售”　　据了解，北京御翠园项目去年开盘时的销售均价，在7.5万元-7.6万元/平方米左右。本次所推房源在去年开盘价格打折基础上，再度进行下调，下调价格约百万。　　“这次降价后，140平方米高层的户型，总价较上次开盘差不多便宜了100万，上次开盘价格在1080万元-1100万元左右，现在到手价980万起。”御翠园另一位置业顾问告诉记者。 　　除高层户型降价，御翠园的别墅项目价格，也在下调。　　“别墅产品因为总价较高，这次价格降得也挺多的。”上述置业顾问称，别墅面积最小的户型是345平方米，降价后总价2900万元起，单价在8.5万元-8.6万元之间，而之前总价在3200万元-3300万元左右。　　记者在采访中了解到，开发商决定降价后，为补偿去年高价购房的老业主，御翠园此次提供了两种补偿方案。　　“一种是补装修，按照每平方米一个固定的价格，为老业主进行装修；另一种是补差价，按照不同户型给予80万-100万元价格不等的补贴。”上述置业顾问表示。　　对于调整价格的原因，上述售楼处人员告诉记者，是想赶在交付之前，将没有卖出去的房子全部清掉。“预计6月份交房后，高层户型的价格会恢复到原先8万元/平方米左右的水平。”　　据悉，御翠园项目从拿地至今，已开发了23年，其也是当年李嘉诚进入北京的第一个住宅项目。　　公开资料显示，“御翠园”由长江实业旗下和记黄埔地产（北京朝阳）有限公司开发。据多家媒体此前报道，“御翠园”所在的姚家园项目地块总面积约40万平方米，由和记黄埔于2001年时以7亿元的价格拿下，楼面价仅1750元/平方米。　　拿地4年后，长实开发的一期逸翠园才在2005年开盘，随后便陷入了漫长的“开发”阶段。距离拿地20多年后，该项目二期御翠园才在2024年开盘入市。　　在这二十多年时间里，李嘉诚旗下企业也享受到土地升值带来的红利，御翠园销售备案价相比地价上涨了五十多倍。分析人士指出，即使按照7折的价格“降价”出售，相较于当时拿地时的地价，售价也上涨了近几十倍，其仍能大幅盈利。　　北京多项目推出特价房　　御翠园项目的降价，也对周边房产市场产生了影响。　　一位房地产行业分析师告诉记者，李嘉诚旗下项目降价，已经拉动周边区域价格的下调。　　据其介绍，本周朝阳区华纺易城小区成交了一套138平方米的三居户型，总价858万成交，单价6.2万元/平方米，该房源为次顶层，中间楼栋，无明显硬伤。而上周该小区成交的同户型房源，总价945万元，一周时间，该小区同类房源总价跌去了87万。　　张波认为，该盘降价后对于板块的影响的确存在。一方面，由于其与同期新项目更具现代感的设计和高品质配套相比，明显缺乏吸引力，竞争的重合度小，但价格优势也会迫使其他开发商跟进降价或加大优惠力度以争夺客源。另一方面，二手房板块本身的挂牌量大，当下的价差会削弱大量二手房的竞争力，业主降价情况可能会由此增多。　　“御翠园周边区域还降有几个新盘要入市，包括中建智地、中国金茂、越秀地产和朝阳城发联合体以126亿元的价格竞得的平房黄衫木店地块，届时‘肉搏战’才真正开始。”上述分析师称。　　事实上，降价抛售的御翠园并不是个例。5月以来，北京多个项目推出特价房，市场价格的调整正成为这些项目所在区域当下的热门话题。　　公开信息显示，五一期间，朝阳区的中建璞园推出了特价房源，其中94平米的三居室房源在优惠后价格为655万元，较原价便宜100万元左右。此外，丰台区的森与天成、顺义区的住总芳华里、大兴区的德贤华府、大兴区西红门的橡树湾三期、石景山的中海学府里等多个项目，均有特价房或优惠活动。　　“北京的确有不少新房价格有所下调，但存在区域分化，核心地段的高端项目因稀缺性和产品力对价格的支撑力强，而昌平、顺义等外围区域降价占比相对更高。”张波在接受记者采访时说。　　对于这种现象，分析师指出，一方面，二手房价格下跌导致新房性价比优势减弱，购房者更倾向选择成熟板块的二手房；另一方面，房企偿债压力大，为实现快速去化回笼资金，从而加大了新房降价促销的力度。　　成交方面，安居客监测数据显示，4月北京新房成交套数为3095套，同比上升28%，环比下降29.6%。二手房方面，北京市住建委发布的数据显示，4月北京二手房网签量为15569套，环比下降19.05%，同比上涨16.59%。　　张波认为，北京新房市场短期内还可能出现“以价换量”的案例，但价格调整幅度受板块区位影响较大，整体市场总体上稳定向好的大趋势，仍然不变。 （文章来源：财联社）,2025-05-09 19:32
证监会、财政部就《证券结算风险基金管理办法（修订草案征求意见稿）》征求意见,https://finance.eastmoney.com/a/202505093400755838.html,为进一步增强证券结算系统风险防范能力，加强证券结算风险基金全流程管理，根据《证券法》相关规定，结合市场发展需要，中国证监会会同财政部起草形成了《证券结算风险基金管理办法（修订草案征求意见稿）》，现向社会公开征求意见。　　本次修订主要内容如下：　　(一)适应性调整计收范围。根据市场发展情况，将风险基金计收范围明确为证券登记结算机构采用多边净额担保结算方式的证券交易，包括权益类品种、固定收益类品种现券交易及质押式回购业务(第3条)。　　(二)下调计收比例。按照各类业务相应结算风险，对风险基金交纳比例实行差异化调整。结算参与人权益类和固定收益类品种现券交易计收比例下调至原有标准的十分之三，质押式回购业务计收比例维持不变(第3条)。　　(三)完善风险基金规模相关规定。明确风险基金净资产总额不少于30亿元，达到或超过上述规模后，证券登记结算机构不再提取，已交纳风险基金满一年的结算参与人不再继续交纳。风险基金规模不足30亿元的，下一年度起恢复提取或交纳(第4条)。新增动态评估条款，要求“证券登记结算机构定期动态评估论证本基金所需规模，并向证监会和财政部报告”(第5条)。　　(四)优化投资管理及存放。完善风险基金投资管理方式，明确风险基金的资金运用限于银行存款、购买关键期限国债，以及证监会和财政部批准的其他资金运用形式。同时，明确风险基金应通过竞争性或询价方式选择国有商业银行作为基金的存款银行，限定风险基金投资比例(第7条)。　　(五)优化使用程序。落实国务院已对外公布的取消行政许可审批事项的安排，将风险基金使用程序由证券登记结算机构使用前向证监会、财政部报批，修改为证券登记结算机构动用后向证监会、财政部及时报告(第9条)。　　(六)丰富管理措施及规定。增加风险基金定期报告规定，要求证券登记结算机构按年报送情况报告(第8条);要求结算参与人制定完善内部管理制度，并建立相关技术系统、业务连续性管理及容灾备份机制，有效防范风险(第11条);明确责任追究情形，补充细化了垫付、弥补违约交收损失以及技术故障、操作失误情形下动用风险基金涉及的追偿、责任追究等事宜(第12条);要求证券登记结算机构应制定风险基金内部管理制度，明确风险基金的计收、管理、使用等事项(第15条)。　　需要说明的是，目前风险基金净资产总额已超过30亿元，对于已交纳风险基金满一年的结算参与人，不会因本次修订触发新增缴纳。 （文章来源：界面新闻）,2025-05-09 19:35
六部门调整海关特殊监管区域、保税监管场所和区外加工贸易有关管理措施,https://finance.eastmoney.com/a/202505093400742758.html,海关总署 国家发展改革委 财政部 农业农村部 商务部 税务总局公告 2025年第83号（关于调整海关特殊监管区域、保税监管场所和区外加工贸易有关管理措施的公告）　　为加强海关特殊监管区域、保税监管场所和区外加工贸易涉及实施关税配额管理，贸易救济措施，中止关税减让义务、加征关税措施，为征收报复性关税而实施加征关税措施（以下统称四类措施）等商品的管理，经国务院同意，现将有关事项公告如下：　　一、本公告适用商品范围　　（一）实施关税配额管理商品。根据《中华人民共和国加入世界贸易组织议定书》及相关规定，我国实施关税配额管理的小麦、玉米、大米、棉花、食糖、羊毛、毛条、化肥。　　（二）实施贸易救济措施，中止关税减让义务、加征关税措施，为征收报复性关税而实施加征关税措施商品。实施上述措施的商品分别指根据我国有关法律法规规定，采取反倾销措施、反补贴措施和保障措施的商品，实施中止关税减让义务、加征关税措施的商品，为征收报复性关税而实施加征关税措施的商品。　　二、相关管理措施　　（一）海关特殊监管区域、保税监管场所和区外加工贸易企业开展保税业务涉及从境外进口四类措施商品的，应设立专用账册。境外进口的四类措施商品不进入专用账册的，不得保税。　　为征收报复性关税而实施加征关税措施的商品，适用相关排除措施且加征关税均获得排除后，可进口至现有保税账册（以下称普通账册），但该商品同时涉及其他措施的除外。　　（二）境外进口四类措施商品及其保税加工后的成品，在专用账册之间可以保税流转，但不得保税流转至普通账册。　　境外进口四类措施商品未经加工的可以内销，按现行规定执行。使用境外进口四类措施商品保税加工后的成品未进行保税流转的可以内销，内销时按其全部保税进口料件征收关税，进口环节增值税、消费税按现行规定执行，执行四类措施；经保税流转的，不得内销，可出口至境外。　　（三）境外进口四类措施商品加工过程中使用的非四类措施商品应纳入专用账册管理，未使用完毕的非四类措施商品可保税流转至普通账册。　　上述非四类措施商品包括从境外直接进口的不涉及四类措施的商品、从国内采购的已出口退税商品、从普通账册转入专用账册的商品等。　　（四）专用账册项下的加工贸易边角料、残次品、副产品不得内销，可按现行规定复运出境或销毁。　　（五）专用账册不得用于开展区内委托加工业务。　　（六）跨境电商商品按现行规定适用跨境电商账册管理，但涉及四类措施的跨境电商商品不得转入非跨境电商类型的普通账册。　　（七）对海关特殊监管区域内进口料件不属于四类措施商品、加工后成品属于四类措施商品的，内销时不适用选择性征收关税，一律按照货物实际状态（成品）征收进口关税，进口环节增值税、消费税按现行规定执行，执行四类措施。　　三、其他事项　　（一）对海关特殊监管区域内企业利用海关监管期限内的免税设备承接区外企业提供的玉米、小麦、大米、棉花入区开展委托加工业务，玉米、小麦、大米、棉花从境内区外入区时，无需验核出口许可证件。　　（二）在公告正式实施之日前已进入海关特殊监管区域、保税监管场所和区外加工贸易普通账册的四类措施商品，按现行规定执行。公告正式实施之日后，因政策调整新增为四类措施商品，已进入海关特殊监管区域、保税监管场所和区外加工贸易账册的，不再调整管理措施。　　（三）本公告管理商品涉及进出境禁止性或者限制性管理措施的，按国家现行有关规定执行。　　（四）本公告所称海关特殊监管区域包括综合保税区、保税港区、保税区、珠澳跨境工业区珠海园区；所称保税监管场所包括保税物流中心、保税仓库、出口监管仓库。　　（五）本公告自2025年6月10日起实施。现行规定与本公告不一致的，以本公告为准。海关总署、国家发展改革委、财政部、农业农村部、商务部、税务总局联合公告2024年第44号（关于调整海关特殊监管区域和区外加工贸易食糖管理措施的公告）同时废止。　　特此公告。　　海关总署 国家发展改革委 财政部　　农业农村部 商务部 税务总局　　2025年5月9日 （文章来源：海关总署）,2025-05-09 19:12
5月9日晚间上市公司利好消息一览(附名单),https://finance.eastmoney.com/a/202505093400797766.html,沪深两市多家上市公司5月9日晚间发布重要公告，以下为利好的消息汇总：　　恒而达：拟850万欧元收购SMS公司高精度数控磨床业务　　恒而达(300946)5月9日晚间公告，公司与德国磨床企业SMS Maschinenbau GmbH（简称“SMS公司”）签署了《资产购买协议》，公司拟以现金方式收购SMS公司名下高精度数控磨床业务，并承接相关资产、特定合同权利义务及相关人员，交易对价850万欧元，约合人民币6935.66万元。收购资金来源为恒而达自有或自筹资金，不涉及发行股份及配套募集资金。　　派斯林：将不断加大研发投入发展智能机器人相关产品　　派斯林在5月9日召开的2024年年度、2025年第一季度业绩暨现金分红说明会上表示，公司密切关注及探索低空经济、人形机器人等新兴领域的市场需求及技术发展，公司与上海交大联合开发仿生智能机器人，目前处于装配调试阶段，未来有望在飞机制造等大型装备领域开展应用。公司将基于在工业机器人应用领域积累的丰富的技术储备和项目经验，不断加大研发投入发展智能机器人相关产品，并推动其应用场景的拓展及商业化落地。　　涪陵电力：拟签订合同能源管理项目合同　　涪陵电力(600452)公告，公司拟与国网安徽综合能源服务有限公司合作，共同开展安徽省配变能效提升改造服务项目，并与国网安徽电力有限公司及其下属单位签订节能量保证型合同能源管理项目合同。该项目主要是为安徽电力营业区域内合肥、阜阳等16个地市供电公司以合同能源管理模式开展配变能效提升改造服务，预计该项目整体投资金额约为4.88亿元，项目收益约为7.9亿元，项目运营期限为8年。根据双方约定，公司作为安徽项目牵头方，负责统筹项目全过程工作，投资、收益占比将超过50%。　　文灿股份：获得新客户三合一电机壳项目定点　　文灿股份(603348)5月9日晚间公告，子公司广东文灿压铸科技有限公司于近日收到国内某新客户的定点通知函，广东文灿被确定为其三合一电机壳的供应商。本次定点项目预计在2025年下半年开始量产，预计项目生命周期五年，项目全周期的销售总金额预计为2亿元到2.5亿元。　　龙蟠科技：控股子公司及控股孙公司签署15万吨磷酸铁锂正极材料销售协议　　龙蟠科技(603906)5月9日晚间公告，控股子公司常州锂源及控股孙公司南京锂源（与常州锂源合称为“卖方”）与楚能新能源全资子公司武汉楚能、孝感楚能及宜昌楚能（与武汉楚能、孝感楚能合称为“买方”）共同签署了《生产材料采购战略合作协议》及《补充协议》。协议约定，预计将由卖方自2025至2029年间合计向买方销售15万吨的磷酸铁锂正极材料，销售模式包括卖方自供碳酸锂及买方客供碳酸锂，具体单价由各方根据本协议条款逐月确定，估算合同总销售金额超50亿元。　　红塔证券：董事长提议以1亿元—2亿元回购公司股份　　红塔证券(601236)公告，公司董事长景峰5月9日提议公司以自有资金通过集中竞价方式回购部分股份，回购的股份将用于减少公司注册资本。回购资金总额不低于1亿元(含)，不超过2亿元(含)，回购价格上限不高于董事会审议通过回购股份方案决议前30个交易日公司股票交易均价的150%。　　三花智控：发行境外上市股份（H股）获得证监会备案　　三花智控(002050)5月9日晚间公告，公司于近日收到中国证监会出具的《关于浙江三花智能控制股份有限公司境外发行上市备案通知书》。公司拟发行不超过4.77亿股境外上市普通股并在香港联合交易所上市。（文章来源：东方财富研究中心）,2025-05-09 20:34
牛散举牌*ST军工牛股！近4天大涨近40%！,https://finance.eastmoney.com/a/202505093400774930.html,“无论是上市公司回购，大股东增持，还是本次举牌，都是市场价格跌出机会跌出价值之时，真金白银投入的耐心资本，带来的效应必将逐步显现。”在5月9日完成对军工股*ST天微（688511）的举牌之后，“牛散”谢恺作出如上发声。　　千字论价值　　上市公司当日公告，3月18日至5月9日期间，谢恺累计买入上市公司股票514.15万股，持有上市公司股份的比例达到5%。值得注意的是，近期在军工股热潮中，*ST天微放量上涨，近四个交易日累计涨幅达36%，并在5月6日完成了一个涨幅达20%的涨停。　　截至5月9日收盘，*ST天微的总市值为16亿元，谢恺以上股票目前总价值约为0.8亿元。如果以举牌期间（3月18日至5月9日）*ST天微的股票均价13.34元/股估算，谢恺本次举牌的成本约为0.69亿元。　　在举牌完成后的简式权益变动报告书中，谢恺以接近千字的篇幅，从坚定做多中国资产、长期看好军工行业、公司困境反转潜力巨大等三大角度论述*ST天微的投资价值。谢恺进一步表示，其主动锁定不低于6个月的限售期，且在未来12个月内不排除进一步增持公司股份的可能性。　　谢恺在权益变动报告书中表述，“本次二级市场买入并触及举牌线，主动锁定不低于6 个月的限售期，是响应国家加大力度引入中长期资金的号召，相信一个持续稳定并活跃的资本市场，不仅将更好发挥服务实体经济的功能作用，而且能为市场各个参与主体，尤其是我们中小投资者创造更多的投资机会和回报。”　　在谢恺看来，*ST天微作为一家行业资质齐备的国家高新技术企业，其核心产品灭火抑爆系统对装备车辆等装备的作战能力、乘员生存能力的提升有着重要的作用。其产品已成功配套多型号武器装备，展现了强大的研发和生产能力。同时，随着民品业务的布局和发展，公司可以满足新能源行业客户的需求，实现军民业务协同共进，平滑营收波动。　　“*ST天微目前控制权稳定，资产负债率低，货币资金充足，较新股发行价跌幅较大，目前股价和市值尚不能反映公司未来发展潜力和行业空间。” 谢恺强调。　　标的刚刚“披星戴帽”　　谢恺近几年频频现身定增市场，其成名作是押中“10倍股”朗姿股份——2020年3月，谢恺以6.78元/股的发行价认购朗姿股份，后来朗姿股份的股价最高涨至70.96元/股。　　在接受媒体采访时谢恺曾表示，比较注重具有预期差的小市值公司，对于行业则没有明显的偏好，同时不会过分关注过去的业绩，而把重心放在未来可能发生的改变上。　　*ST天微正是典型符合谢恺偏好的股票。在本周，*ST天微刚刚被实行“退市风险警示”。原因系*ST天微2024 年经审计的扣除非经常性损益前后的净利润孰低者为负值，且扣除与主营业务无关的业务收入和不具备商业实质的收入后的营业收入低于1 亿元。　　面对该情况，*ST天微表示拟从六个方面采取应对措施，其中包括持续推进灭火抑爆系统、三防产品、元器件产品发展，积极推进民品市场的开拓，加大研发人才引进等。　　此外，*ST天微还表示将积极把握资本市场机遇，充分发挥资本的撬动作用，围绕既定经营目标，稳中求进地探索外延式发展路径。通过资本市场并购等方式，优化产业布局，拓宽业务边界，实现资源的有效整合与协同效应。（文章来源：证券时报·e公司）,2025-05-09 20:08
5月9日东方财富财经晚报（附新闻联播）,https://finance.eastmoney.com/a/202505093400805025.html,"1、央视网：国务院总理李强主持召开国务院常务会议，听取推动自贸试验区建设提质增效工作汇报。会议指出，要支持自贸试验区对标国际高标准经贸规则，进一步加大制度创新力度，在发展服务贸易、便利数据跨境流动等方面先行先试，开展差异化探索。要因地制宜扩大改革任务授权，根据产业发展实际需要优化调整区域布局范围，稳步推动成熟自贸试验区提升能级。　　2、央行：发布一季度货币政策执行报告。报告中提出，实施好适度宽松的货币政策。根据国内外经济金融形势和金融市场运行情况，灵活把握政策实施的力度和节奏，保持流动性充裕，使社会融资规模、货币供应量增长同经济增长、价格总水平预期目标相匹配。　　3、央行：印发《关于设立服务消费与养老再贷款有关事宜的通知》，设立服务消费与养老再贷款,激励引导金融机构加大对住宿餐饮、文体娱乐、教育等服务消费重点领域和养老产业的金融支持。服务消费与养老再贷款额度5000亿元,年利率1.5%，期限1年，可展期2次，最长使用期限不超过3年。　　4、海关总署：据海关统计，2025年前4个月，我国货物贸易进出口总值14.14万亿元人民币，同比增长2.4%。其中，出口8.39万亿元，增长7.5%；进口5.75万亿元，下降4.2%。4月份，我国货物贸易进出口总值3.84万亿元，增长5.6%。其中，出口2.27万亿元，增长9.3%；进口1.57万亿元，增长0.8%。　　5、商务部：国家出口管制工作协调机制办公室组织多部门在广东省深圳市召开打击战略矿产走私出口专项行动现场会，部署各项具体工作。会议强调，各部门要聚焦战略矿产领域，加强源头管控，形成打击合力，针对伪报瞒报、夹藏走私、“第三国”转口等典型规避手法，重点打击战略矿产走私出口。　　6、海关总署：六部门发布关于调整海关特殊监管区域、保税监管场所和区外加工贸易有关管理措施的公告。其中提到，海关特殊监管区域、保税监管场所和区外加工贸易企业开展保税业务涉及从境外进口四类措施商品的，应设立专用账册。境外进口的四类措施商品不进入专用账册的，不得保税。　　7、央行：近日发布《中国人民银行业务领域数据安全管理办法》，自2025年6月30日起施行。《办法》共七章五十六条，其中对数据收集、存储、使用、加工、传输、公开、删除等环节明确安全管理规定，从数据存储保护、数据备份、数据传输安全、算法风险防控等方面明确安全技术规定。　　8、界面新闻：中国证监会会同财政部起草形成了《证券结算风险基金管理办法（修订草案征求意见稿）》，现向社会公开征求意见。本次修订主要内容包括，适应性调整计收范围，下调计收比例，完善风险基金规模相关规定，优化投资管理及存放，优化使用程序，丰富管理措施及规定等。　　9、每日经济新闻：美国总统特朗普日前表示，美国与乌克兰达成了稀土协议，该协议现已全部签署并批准，美国可以获得“大量非常高质量的稀土”。乌克兰总统泽连斯基在社交媒体上透露，他与美国总统特朗普进行了一次电话交谈。双方对乌克兰最高拉达批准关于建立美乌重建投资基金的协议（即美乌矿产协议）表示欢迎。泽连斯基称这是一份具有真正历史意义的文件，为两国开辟了诸多新的合作契机。　　10、证券时报网：5月9日，比特币大涨站上10万美元。加密货币交易所Kraken的全球经济学家Thomas Perfumo指出，比特币重新站上六位数大关，正值全球市场风险情绪复苏之际。股票市场表现强劲，投资者对于配置风险资产的意愿正在增强，而这种情绪也迅速蔓延到了加密货币领域。　　1、证券时报网：据央视新闻报道，最近，不少北京移动和联通用户发现手机上出现了5G高级信号（5G-A）。报道认为，5G-A和5G相比，能够在容量、速率、时延、定位、可靠性等方面实现大幅提升，可以带来更快、更优质的通信体验，并有望实现低成本千亿物联。　　5G概念股有130只，中芯国际、工业富联、寒武纪-U、北方华创等股的市值规模居前。从行情表现来看，5G概念股年内股价平均上涨3.17%，整体表现强于大盘。胜宏科技、仕佳光子、祥鑫科技、思瑞浦的股价涨幅居前，年内均上涨超60%。从资金面来看，近70股5月以来获杠杆资金加仓，其中9股的融资净买入额超1亿元。其中，立讯精密、中兴通讯、东山精密5月以来分别获融资净买入3.76亿元、2.32亿元、2.03亿元。　　2、证券时报网：TrendForce集邦咨询最新研究显示，目前OLED显示器（Monitor）出货量仍处于高速成长阶段，随着各品牌持续推出新品，出货量同步突破新高，2025年第一季度出货量约为50.7万台，同比增长175%。　　A股市场涉及OLED业务的概念股有40余只。今年一季度，净利润实现正增长（含扭亏为盈）的概念股有25只，占比逾半数。4只概念股净利润实现扭亏为盈，分别是深天马A、康达新材、精测电子、正业科技。截至一季度末，上述25只业绩增长的OLED概念股中，机构持仓占流通股比例均值为33.12%。5股机构持仓占比超50%，分别是彩虹股份、领益智造、深天马A、深纺织A、时代新材。在众多机构当中，社保基金持仓的仅3只概念股，分别为八亿时空、菲利华、时代新材。　　1、恒而达：公司与德国磨床企业SMS 签署了《资产购买协议》，公司拟以现金方式收购SMS公司名下高精度数控磨床业务，并承接相关资产、特定合同权利义务及相关人员，交易对价850万欧元，约合人民币6935.66万元。收购资金来源为恒而达自有或自筹资金，不涉及发行股份及配套募集资金。　　2、派斯林：公司密切关注及探索低空经济、人形机器人等新兴领域的市场需求及技术发展，公司与上海交大联合开发仿生智能机器人，目前处于装配调试阶段，未来有望在飞机制造等大型装备领域开展应用。公司将基于在工业机器人应用领域积累的丰富的技术储备和项目经验，不断加大研发投入发展智能机器人相关产品，并推动其应用场景的拓展及商业化落地。　　3、涪陵电力：公司拟与国网安徽综合能源服务有限公司合作，共同开展安徽省配变能效提升改造服务项目，并与国网安徽电力有限公司及其下属单位签订节能量保证型合同能源管理项目合同。该项目主要是为安徽电力营业区域内合肥、阜阳等16个地市供电公司以合同能源管理模式开展配变能效提升改造服务，预计该项目整体投资金额约为4.88亿元，项目收益约为7.9亿元，项目运营期限为8年。　　4、文灿股份：子公司广东文灿压铸科技有限公司于近日收到国内某新客户的定点通知函，广东文灿被确定为其三合一电机壳的供应商。本次定点项目预计在2025年下半年开始量产，预计项目生命周期五年，项目全周期的销售总金额预计为2亿元到2.5亿元。　　5、龙蟠科技：控股子公司常州锂源及控股孙公司南京锂源与楚能新能源全资子公司武汉楚能、孝感楚能及宜昌楚能共同签署了《生产材料采购战略合作协议》及《补充协议》。协议约定，预计将由卖方自2025至2029年间合计向买方销售15万吨的磷酸铁锂正极材料，销售模式包括卖方自供碳酸锂及买方客供碳酸锂，具体单价由各方根据本协议条款逐月确定，估算合同总销售金额超50亿元。　　6、红塔证券：公司董事长景峰提议公司以自有资金通过集中竞价方式回购部分股份，回购的股份将用于减少公司注册资本。回购资金总额不低于1亿元(含)，不超过2亿元(含)，回购价格上限不高于董事会审议通过回购股份方案决议前30个交易日公司股票交易均价的150%。　　7、三花智控：公司于近日收到中国证监会出具的《关于浙江三花智能控制股份有限公司境外发行上市备案通知书》。公司拟发行不超过4.77亿股境外上市普通股并在香港联合交易所上市。  　　1、中国物流与采购联合会今天（5月9日）公布，4月份中国电商物流指数为111.1点，较上月回升1.1点，各主要分项指数均环比有所回升。其中，电商物流总业务量指数升至129.4点，比去年同期增长近30%。在需求连续回升的带动下，电商物流加速发展，有效支撑消费增长。　　2、在今天（5月9日）举行的国务院新闻办公室新闻发布会上，商务部有关负责人介绍，第四届中国—中东欧国家博览会暨国际消费品博览会将于5月22日—25日在浙江宁波举行，展会展区面积和展商数量均创新高。除14个中东欧国家外，英国、法国、德国等9个国家的展商也踊跃参展。2024年，中国与中东欧国家双边贸易额达1423亿美元，创历史新高。　　3、人力资源社会保障部日前公示第七批新职业、新工种。其中，拟增加17个新职业，包含养老服务师、跨境电商运营管理师、无人机群飞行规划员等；拟增加42个新工种，包含生成式人工智能系统测试员、智慧景区管理师等。　　4、国家标准委近日发布实施我国首个养老服务业品牌价值评价国家标准。标准从有形要素、质量要素、创新要素、服务要素、无形要素5个方面，细化出衡量我国养老服务业品牌强度的46个指标，为科学规范开展养老服务业品牌价值评价提供指引。",2025-05-09 21:00
你手机上出现5G-A信号了吗？多只5G概念股获杠杆资金大手笔加仓！一周牛熊股来了,https://finance.eastmoney.com/a/202505093400757751.html,目前，各大运营商都在紧锣密鼓布局5G-A业务。　　今日A股市场全天震荡调整，科创50指数跌近2%。银行股逆市走强，建设银行、浦发银行、江苏银行齐创历史新高。ST板块反复活跃，超30股涨停。半导体、零售、机器人、AI应用等板块跌幅居前。　　5G概念股局部异动　　今日A股5G概念股局部异动，武汉凡谷午后涨停，创远信科、硕贝德等股涨超5%。　　消息面上，据央视新闻报道，最近，不少北京移动和联通用户发现手机上出现了5G-A信号。目前，各大运营商都在紧锣密鼓布局5G-A业务。中国移动表示，今年将投资近百亿元实现超过40万基站的智能化改造。中国电信今年将推动5G-A在多个行业和场景的应用落地，联合产业链进行创新试点。中国联通今年计划在39个重点城市主城区及300余个城市重点场景启动5G-A。　　5G-A和5G相比，能够在容量、速率、时延、定位、可靠性等方面实现大幅提升，可以带来更快、更优质的通信体验，并有望实现低成本千亿物联。　　中金发布研报称，展望2025年，运营商投资重心进一步向算力网络倾斜，中国移动、中国电信、中国联通指引算力投入分别同比增长0.5%、22%和28%，传统的移动和固网建设则进入注重投资能效的高质量平稳发展期，未来5G-A、400G OTN以及50G PON升级有望拉动无线/有线网络增量投资。其中5G-A作为5G网络的重要升级，有望在2025年迈向全面规模商用阶段，中国移动计划2025年投入5G-A建设98亿元，同比增长227%；中国电信和联通亦加快5G-A规模化部署。　　多只5G概念股获杠杆资金大手笔加仓　　据证券时报·数据宝统计，5G概念股有130只，中芯国际、工业富联、寒武纪-U、北方华创等股的市值规模居前。从行情表现来看，5G概念股年内股价平均上涨3.17%，整体表现强于大盘。胜宏科技、仕佳光子、祥鑫科技、思瑞浦的股价涨幅居前，年内均上涨超60%。　　从资金面来看，近70股5月以来获杠杆资金加仓，其中9股的融资净买入额超1亿元。其中，立讯精密、中兴通讯、东山精密5月以来分别获融资净买入3.76亿元、2.32亿元、2.03亿元。　　华正新材、思瑞浦、寒武纪-U、通鼎互联等12只5G概念股今年一季度扭亏为盈；其中，寒武纪-U、通鼎互联一季度净利润规模分别为3.55亿元、1.32亿元。44只5G概念股一季度净利润规模均超1亿元，工业富联以52.31亿元的净利润规模位居首位，立讯精密、中兴通讯、中际旭创、北方华创等股的净利润规模也居前。　　一季度净利润规模超1亿元的个股中，有12股的一季度净利润增幅超50%，其中新易盛、胜宏科技、移远通信、中芯国际等6股的净利润翻倍增长。　　本周十大牛熊股出炉　　据数据宝统计，从个股来看，本周4632只个股的股价录得上涨，涨幅居前十的个股平均上涨50.8%。其中，北交所个股七丰精工受益于军工股近期的强势表现，本周以79.25%的涨幅位居首位；晨曦航空本周以59.26%的涨幅位居第二；华伍股份、航天南湖、鑫磊股份本周涨幅也居前。　　广发证券表示，当前军工板块业绩底部特征相对显著，因年初以来各领域需求已逐步改善，预计随着订单落地和交付，业绩有望逐季恢复。建议重视一季度财报披露后的重要配置窗口，同时强调当前是“内需+外需”共振的战略机遇窗口期，军工板块有望逐步进入内外需求双循环的景气周期。　　25股本周股价跌超10%，*ST广道的股价跌幅最大，本周累计下跌22.55%，*ST广道2024年年度报告被出具了无法表示意见，根据《北京证券交易所股票上市规则》相关规定，公司股票于5月6日起复牌，并被北交所实施退市风险警示。　　排除ST板块个股，永安药业的股价跌幅最大，本周累计下跌17.82%。公司近期否认牛磺酸涨价传闻，一季报亏损公告的发布，以及实控人被立案留置的利空消息，导致了公司股价下跌。  （文章来源：数据宝）,2025-05-09 19:39
5月9日晚间沪深上市公司重大事项公告最新快递,https://finance.eastmoney.com/a/202505093400754465.html,"沪深两市多家上市公司5月9日晚间发布公司公告，以下为重要公告汇总。　　【品大事】　　卧龙地产：证券简称变更为“卧龙新能”　　卧龙地产(600173)公告，公司证券简称将自2025年5月15日起由“卧龙地产”变更为“卧龙新能”，公司证券代码保持不变。　　宁波富达：终止筹划重大资产重组事项　　宁波富达(600724)公告，公司原计划以现金方式通过股权受让或增资方式取得宁波晶鑫电子材料有限公司不少于45%股权，并保证上市公司拥有目标公司的表决权股权比例不低于51%。由于交易双方未能就交易最终方案达成一致，经友好协商，各方同意终止进一步推进本次交易。终止本次重大资产重组事项无需提交董事会、股东会审议。交易尚处于筹划阶段，未对上市公司现有生产经营活动、财务状况和战略发展造成重大不利影响。公司承诺自公告披露之日起至少一个月内不再筹划重大资产重组。　　蓝黛科技：拟3411万元收购重庆台冠18%股权　　蓝黛科技(002765)公告，拟收购殷文俊、刘健、孙刚、崔颖合计持有的公司控股子公司重庆台冠18%股权，转让价款为3411万元。本次股权收购完成后，公司将持有重庆台冠100%股权，重庆台冠成为公司全资子公司。　　上海洗霸：全资子公司拟申请退回土地使用权　　上海洗霸(603200)公告，因外部经济形势、行业环境以及企业现金状况等原因，全资子公司上海洗霸环保科技有限公司（简称“上海洗霸环保”）拟申请退回上海市嘉定区嘉定新城F01C-01地块土地使用权。本次退回土地使用权事项将对公司2025年经营业绩产生影响，预计减少利润总额约3642万元（未考虑所得税影响），占公司上一年度经审计净利润的比例约为85%，同时收回土地出让金1.02亿元。　　恒而达：拟850万欧元收购SMS公司高精度数控磨床业务　　恒而达(300946)5月9日晚间公告，公司与德国磨床企业SMS Maschinenbau GmbH（简称“SMS公司”）签署了《资产购买协议》，公司拟以现金方式收购SMS公司名下高精度数控磨床业务，并承接相关资产、特定合同权利义务及相关人员，交易对价850万欧元，约合人民币6935.66万元。收购资金来源为恒而达自有或自筹资金，不涉及发行股份及配套募集资金。　　派斯林：将不断加大研发投入发展智能机器人相关产品　　派斯林在5月9日召开的2024年年度、2025年第一季度业绩暨现金分红说明会上表示，公司密切关注及探索低空经济、人形机器人等新兴领域的市场需求及技术发展，公司与上海交大联合开发仿生智能机器人，目前处于装配调试阶段，未来有望在飞机制造等大型装备领域开展应用。公司将基于在工业机器人应用领域积累的丰富的技术储备和项目经验，不断加大研发投入发展智能机器人相关产品，并推动其应用场景的拓展及商业化落地。　　江南化工：拟投资设立控股子公司并取得东神楚天控制权　　江南化工(002226)5月9日晚间公告，公司及全资子公司北方爆破与楚天化工共同签署《重组协议》，约定公司拟以其持有的湖北帅力30%股权和河南华通75.5%股权出资，北方爆破拟以其持有的湖北帅力51%股权出资，楚天化工拟以其持有的东神楚天90%股权出资共同新设一家有限责任公司进行重组合作。公司和北方爆破合计持有新设立公司的股权比例不低于51%，公司是新设公司的实际控制人。本次交易完成后，东神楚天、湖北帅力和河南华通将成为新设立公司的控股子公司；公司生产炸药许可产能规模将得到进一步提升，东神楚天将纳入公司合并报表范围，增加公司工业炸药产能约3.05万吨/年。　　三花智控：发行境外上市股份（H股）获得证监会备案　　三花智控(002050)5月9日晚间公告，公司于近日收到中国证监会出具的《关于浙江三花智能控制股份有限公司境外发行上市备案通知书》。公司拟发行不超过4.77亿股境外上市普通股并在香港联合交易所上市。　　汇纳科技：控股股东、实控人拟发生变更 股票5月12日复牌　　汇纳科技(300609)5月9日晚间公告，5月9日，控股股东及实际控制人张宏俊与江泽星控制的上海金石一号智能科技合伙企业（有限合伙）（简称“金石一号”）、上海宝金石一号智能科技合伙企业（有限合伙）（简称“宝金石一号”）签署《股份转让协议》，张宏俊将其持有的汇纳科技1201.1万股股份（占上市公司股份总数的10%）及其所对应的所有股东权利和权益转让给金石一号，将其持有的汇纳科技600.57万股股份（占上市公司股份总数的5%）及其所对应的所有股东权利和权益转让给宝金石一号。同时，公司拟向江泽星发行不超过3600万股A股股票。本次股份转让及向特定对象发行股票完成后，上市公司控股股东、实际控制人将由张宏俊变更为江泽星，上市公司控制权发生变化。公司股票将于5月12日复牌。　　纳思达：极海在人形机器人芯片布局上相对完善 已和宇树等工控领域大客户合作　　纳思达5月9日在业绩说明会上表示，目前极海在人形机器人芯片的布局上相对完善，极海在感知和执行部件方面的产品，如超声波雷达芯片以及首款基于Arm®·Cortex®-M52处理器的高性能实时控制DSP芯片等，既可用在汽车上，也可用在机器人上。此外，还有关节控制及驱动芯片、编码器芯片，小脑计算芯片，BMS管理MCU，通信管理及电源管理MCU等，均实现了国产化替代，且相关产品与广汽、一汽等主流汽车厂商、多家头部一级供应商（Tier1）以及汇川、宇树等工控领域的大客户达成合作。　　浪潮信息：已与20余家国产AI芯片厂商合作　　5月9日，浪潮信息高管在业绩说明会上表示，公司实施“多元算力”战略，服务于多元化的市场需求。公司近年来一直积极与国内厂商持续沟通联络，推进合作，目前已经与20余家国产AI芯片厂商合作，AI Station软件平台实现30余款国产AI芯片兼容纳管，持续推进OAM、OCM、液冷整机柜等开放计算标准演进，加速构建国产智算生态，更多国产AI厂商的合作也在持续推进过程中。　　【观业绩】　　招商蛇口：4月实现签约销售金额147.64亿元　　招商蛇口(001979)公告，4月公司实现签约销售面积60.12万平方米，实现签约销售金额147.64亿元。2025年1—4月公司累计实现签约销售面积205.94万平方米，累计实现签约销售金额498.34亿元。　　首开股份：4月签约金额14.6亿元　　首开股份(600376)公告，4月份，公司共实现签约面积10.84万平方米，环比下降24.92%；签约金额14.60亿元，环比下降23.77%。1—4月份，公司共实现签约面积49.36万平方米；签约金额78.50亿元。　　天康生物：4月生猪销售收入3.8亿元　　天康生物(002100)发布4月份生猪销售简报，4月份销售生猪24.47万头，销量环比下降3.93%，同比增长1.58%；销售收入3.80亿元，销售收入环比增长1.06%，同比持平。2025年4月份商品猪（扣除仔猪、种猪后）销售均价14.32元/公斤，环比增长4.75%。2025年1—4月，公司累计销售生猪105.54万头，较去年同期增长18.84%；累计销售收入15.57亿元，较去年同期增长11.61%。　　罗牛山：4月销售生猪收入1.25亿元　　罗牛山(000735)公告，4月销售生猪6.52万头，环比增长19.59%，同比下降4.32%；销售收入1.25亿元，环比增长14.59%，同比增长12.72%。2025年1—4月，公司累计销售生猪20.80万头，同比下降19.96%；累计销售收入4.17亿元，同比增长0.36%。　　新五丰：4月销售生猪40.81万头，同比增长36.31%　　新五丰(600975)公告，2025年4月公司销售生猪40.81万头，同比增长36.31%；商品猪销价为14.82元/公斤。1月—4月累计销售生猪167.48万头。　　天域生物：4月销售生猪3.51万头，销售收入5932.95万元　　天域生物(603717)公告，4月，公司销售生猪3.51万头，销售收入5932.95万元，环比变动分别为-16.38%、-15.81%，同比变动分别为4.61%、25.66%。1月—4月，公司累计销售生猪14.76万头，同比上升18.28%；累计销售收入2.34亿元，同比上升26.07%。4月末，公司生猪存栏13.32万头，同比上升3.38%，环比下降4.8%。　　民和股份：4月销售商品代鸡苗收入6830.37万元　　民和股份(002234)发布4月份鸡苗销售情况简报，公司2025年4月销售商品代鸡苗2393.37万只，同比变动8.87%，环比变动-8.43%；销售收入6830.37万元，同比变动0.51%，环比变动-7.38%。　　广汽集团：4月汽车销量为11.64万辆，同比下降12.66%　　广汽集团(601238)发布4月份产销快报，4月汽车产量为10.86万辆，同比下降25.74%，本年累计产量为51.98万辆，同比下降5.33%；4月汽车销量为11.64万辆，同比下降12.66%，本年累计销量为48.75万辆，同比下降10.22%。　　江淮汽车：4月销量为30764辆，同比下降3.55%　　江淮汽车(600418)发布4月产、销快报，4月销量为30764辆，同比下降3.55%；今年累计销量为13.05万辆，同比下降5.9%。产量方面，4月总产量为31887辆，同比下降14.44%；累计产量为12.76万辆，同比下降9.38%。其中，新能源乘用车4月销量为1551辆，同比下降35.78%；今年累计销量为5261辆，同比下降34.57%。　　曙光股份：4月整车销量155辆，同比增长70.33%　　曙光股份(600303)公告，2025年4月整车销量为155辆，同比增长70.33%；整车产量为89辆，同比减少74.13%。　　圣农发展：4月销售收入15.33亿元　　圣农发展(002299)公告，4月公司实现销售收入15.33亿元，较去年同期增长0.68%，较上月环比增长0.07%。1—4月公司各板块销量稳健增长，成本端，受益于种鸡性能提升，叠加公司继续推进经营管理的精益化，公司综合造肉成本对比去年同期持续下行。　　大北农：控股及参股公司生猪销售收入4月合计为10.09亿元　　大北农(002385)5月9日晚间公告，公司控股及参股公司生猪销售数量4月合计为60.11万头，1—4月累计为244.10万头；销售收入4月合计为10.09亿元，1—4月累计为40.56亿元；公司控股及参股公司商品肥猪4月均价为14.64元/公斤。4月生猪销售数量、收入，同比增长主要是因为国内生猪市场行情变化及产能逐步释放所致。　　长源电力：4月完成发电量27.79亿千瓦时，同比增长17.61%　　长源电力(000966)5月9日晚间公告，4月公司完成发电量27.79亿千瓦时，同比增长17.61%。其中火电发电量同比增长23.81%，水电发电量同比降低51.99%，新能源发电量同比增长29.48%。公司2025年1—4月累计完成发电量112.40亿千瓦时，同比降低5.92%。其中火电累计发电量同比降低5.88%，水电累计发电量同比降低47.72%，新能源累计发电量同比增长22.91%。　　【签大单】　　金健米业：与常德经济技术开发区国土资源储备中心签订国有土地使用权收储框架协议　　金健米业(600127)公告，常德经济技术开发区国土资源储备中心（简称“甲方”）报请经开区管委会同意，甲方拟以收储方式收回金健米业股份有限公司（简称“乙方”）位于德山北路以西、定王路以北的国有土地使用权，并就此事签订《国有土地使用权收储框架协议》。双方知悉并同意，本协议为双方就土地收储达成的框架性意向，不构成正式合同。甲方拟按现状收储乙方位于德山北路以西、定王路以北的一宗国有土地使用权,用途为公用设施用地，此次收储土地面积约65.54亩（最终收储面积以测绘实测面积为准）。　　涪陵电力：拟签订合同能源管理项目合同　　涪陵电力(600452)公告，公司拟与国网安徽综合能源服务有限公司合作，共同开展安徽省配变能效提升改造服务项目，并与国网安徽电力有限公司及其下属单位签订节能量保证型合同能源管理项目合同。该项目主要是为安徽电力营业区域内合肥、阜阳等16个地市供电公司以合同能源管理模式开展配变能效提升改造服务，预计该项目整体投资金额约为4.88亿元，项目收益约为7.9亿元，项目运营期限为8年。根据双方约定，公司作为安徽项目牵头方，负责统筹项目全过程工作，投资、收益占比将超过50%。　　*ST围海：预中标1.08亿元施工项目　　*ST围海(002586)公告，公司被确定为“兰亭中国书画村镇项目二期工程（兰亭湖水土保持及水环境综合治理工程）项目施工（GX20250005001）”项目的中标候选人，项目中标价为1.08亿元，预中标金额占公司2024年经审计营业总收入的4.33%。　　文灿股份：获得新客户三合一电机壳项目定点　　文灿股份(603348)5月9日晚间公告，子公司广东文灿压铸科技有限公司于近日收到国内某新客户的定点通知函，广东文灿被确定为其三合一电机壳的供应商。本次定点项目预计在2025年下半年开始量产，预计项目生命周期五年，项目全周期的销售总金额预计为2亿元到2.5亿元。　　龙蟠科技：控股子公司及控股孙公司签署15万吨磷酸铁锂正极材料销售协议　　龙蟠科技(603906)5月9日晚间公告，控股子公司常州锂源及控股孙公司南京锂源（与常州锂源合称为“卖方”）与楚能新能源全资子公司武汉楚能、孝感楚能及宜昌楚能（与武汉楚能、孝感楚能合称为“买方”）共同签署了《生产材料采购战略合作协议》及《补充协议》。协议约定，预计将由卖方自2025至2029年间合计向买方销售15万吨的磷酸铁锂正极材料，销售模式包括卖方自供碳酸锂及买方客供碳酸锂，具体单价由各方根据本协议条款逐月确定，估算合同总销售金额超50亿元。　　【增减持】　　力源科技：股东拟减持不超304万股公司股份　　力源科技(688565)公告，股东深圳市中广核汇联二号新能源股权投资合伙企业（有限合伙）持有公司4.1991%股份，拟减持不超过304万股，占公司当前总股本的比例不超过2.0008%。　　宝立食品：股东拟减持不超3%公司股份　　宝立食品(603170)公告，持股6.25%的股东上海厚旭拟减持公司股份合计不超过1200.03万股，即不超过公司总股本的3%。　　派克新材：控股股东、实际控制人之一宗丽萍拟减持不超3%公司股份　　派克新材(605123)5月9日晚间公告，持有公司33.23%股份的控股股东、实际控制人之一宗丽萍拟通过大宗交易和集中竞价方式，合计减持不超过363.51万股，即不超过总股本的3%。　　环球印务：股东拟减持不超1%公司股份　　环球印务(002799)5月9日晚间公告，股东香港原石持有公司11.98%股份，计划以集中竞价交易合计减持不超过320.04万股公司股份，占公司总股本比例的1%。　　龙芯中科：股东拟合计减持不超3%公司股份　　龙芯中科(688047)5月9日晚间公告，因自身资金需求或经营需要，中科百孚计划减持不超过388.62万股，占公司总股本的0.97%；北工投资计划减持不超过358.38万股，占公司总股本的0.89%；横琴利禾博计划减持不超过250.4万股，占公司总股本的0.62%；鼎晖祁贤及鼎晖华蕴合计计划减持不超过205.61万股，占公司总股本的0.52%。减持方式包括集中竞价和/或大宗交易，减持期间为公告披露之日起三个月内。　　润欣科技：控股股东拟减持不超3%公司股份　　润欣科技(300493)5月9日晚间公告，持股20.65%的控股股东润欣信息拟通过集中竞价、大宗交易方式减持公司股份合计不超过1537.73万股（即不超过公司总股本的3%）。　　山东墨龙：股东智梦控股5月9日减持公司2881万股H股股份　　山东墨龙(002490)5月9日晚间公告，股东智梦控股于5月9日通过证券交易系统以集中竞价方式累计减持公司H股股份2881万股，减持股份数量占公司总股本的3.61%。本次减持完成后，智梦控股持有公司股份1600万股，占公司总股本的2.01%。　　ST新亚：股东湖南湘材拟减持不超1.5%公司股份　　ST新亚(002388)5月9日晚间公告，持有公司6.48%股份的股东湖南湘材计划通过集中竞价交易减持不超过510.7万股，即不超过总股本的1%；通过大宗交易减持不超过255.35万股，即不超过总股本的0.5%。　　飞力达：控股股东拟合计减持不超2.9874%公司股份　　飞力达(300240)5月9日晚间公告，合计持有公司股份1.25亿股(占总股本33.65%)的控股股东昆山亚通汽车维修服务有限公司、昆山吉立达投资咨询有限公司、昆山飞达投资管理有限公司计划减持不超过1110万股(即不超过总股本2.9874%)。　　瑞丰新材：股东拟减持不超1%公司股份　　瑞丰新材(300910)5月9日晚间公告，持股13.37%的股东中石化资本计划以集中竞价交易方式减持公司股份不超过291.79万股，减持比例不超过公司总股本的1%。　　双杰电气：股东拟减持不超1%公司股份　　双杰电气(300444)5月9日晚间公告，股东浙江君弘资产管理有限公司-君弘钱江七十七期私募证券投资基金计划以集中竞价或大宗交易等方式择机减持本公司股份（窗口期不减持），减持数量合计不超过798.63万股，占公司总股本比例1%。　　环球印务：股东拟减持不超1%公司股份　　环球印务(002799)5月9日晚间公告，股东香港原石持有公司11.98%股份，计划以集中竞价交易合计减持不超过320.04万股公司股份，占公司总股本比例的1%。　　龙芯中科：股东拟合计减持不超3%公司股份　　龙芯中科(688047)5月9日晚间公告，因自身资金需求或经营需要，中科百孚计划减持不超过388.62万股，占公司总股本的0.97%；北工投资计划减持不超过358.38万股，占公司总股本的0.89%；横琴利禾博计划减持不超过250.4万股，占公司总股本的0.62%；鼎晖祁贤及鼎晖华蕴合计计划减持不超过205.61万股，占公司总股本的0.52%。减持方式包括集中竞价和/或大宗交易，减持期间为公告披露之日起三个月内。　　新宏泽：控股股东拟减持不超3%公司股份　　新宏泽(002836)5月9日晚间公告，控股股东亿泽控股计划以集中竞价方式和大宗交易方式共计减持公司股份不超过669.28万股，减持比例不超过公司总股本（剔除回购专用账户所持股份）的3%。　　【做回购】　　红塔证券：董事长提议以1亿元—2亿元回购公司股份　　红塔证券(601236)公告，公司董事长景峰5月9日提议公司以自有资金通过集中竞价方式回购部分股份，回购的股份将用于减少公司注册资本。回购资金总额不低于1亿元(含)，不超过2亿元(含)，回购价格上限不高于董事会审议通过回购股份方案决议前30个交易日公司股票交易均价的150%。",2025-05-09 19:32
中国证监会印发2025年度立法工作计划,https://finance.eastmoney.com/a/202505093400683121.html,为深入贯彻党的二十届三中全会和中央经济工作会议精神，落实新“国九条”部署要求，进一步做好2025年证券期货监管规章制定等立法工作，加强资本市场法律制度建设，中国证监会结合监管工作实践和市场各方关注，于近日制定了2025年度立法工作计划，对全年的立法工作做了总体部署。中国证监会将按照立法工作计划积极推动各项制度文件出台。　　纳入中国证监会2025年度立法工作计划的规章项目共有19件，包括“力争年内出台的重点项目”8件以及“需要抓紧研究、择机出台的项目”11件，立法的重心是加强资本市场重点领域监管，维护市场平稳健康发展，切实保护广大中小投资者合法权益。　　一是强化对资本市场相关行为的监管，切实维护公开、公平、公正的市场秩序。其中，“力争年内出台的重点项目”5件，包括制定《证券基金投资咨询业务管理办法》《衍生品交易监督管理办法》；修订《证券发行与承销管理办法》（已公布）、《上市公司信息披露管理办法》（已公布）、《上市公司重大资产重组管理办法》。“需要抓紧研究、择机出台的项目”3件，包括制定《私募投资基金信息提供管理办法》和修订《证券投资基金托管业务管理办法》《公开募集证券投资基金运作管理办法》。　　二是加强对资本市场相关主体的规范，进一步夯实资本市场发展基础。其中，“力争年内出台的重点项目”1件，包括修订《期货公司监督管理办法》。“需要抓紧研究、择机出台的项目”3件，包括制定《公开募集不动产投资基金监督管理暂行办法》和修订《期货从业人员管理办法》《证券期货基金经营机构信息科技管理办法》。　　三是深入推进依法行政，进一步提高资本市场监管执法效能。其中，“力争年内出台的重点项目”2件，包括制定《中国证监会行政处罚裁量基本规则》（已公布）；修订《中国证监会派出机构监管职责规定》（已公布）。“需要抓紧研究、择机出台的项目”5件，包括制定《证券期货市场监督管理措施实施办法》《证券期货行政处罚案件违法所得认定规则》；修订《证券融资融券业务管理办法》《转融通业务监督管理试行办法》《证券期货市场诚信监督管理办法》。　　除了上述规章项目外，2025年中国证监会还将配合国务院有关部门做好《证券公司监督管理条例》《上市公司监督管理条例》《不动产投资基金管理条例》等行政法规的制定、修订工作；组织开展《证券投资基金法》实施的评估工作，推动《证券投资基金法》的修订完善；配合有关司法机关做好证券期货领域相关司法解释制定、修订工作。　　在执行2025年度立法工作计划中，中国证监会将继续深入广泛地听取市场和社会各方的意见建议，不断提高资本市场监管制度规则的立法水平，努力为资本市场高质量发展提供更好的制度支持和保障。 （文章来源：证监会网站）,2025-05-09 17:38
三大猪企4月生猪销量同比均增长 销售均价同比小幅下降,https://finance.eastmoney.com/a/202505093400753252.html,三大上市猪企牧原股份（002714.SZ）、新希望（000876.SZ）、温氏股份（300498.SZ）近日发布2025年4月生猪销售情况简报。　　三大上市猪企近一年的销售情况。注：牧原股份2024年数据为生猪（包括商品猪、种猪、仔猪），2025年数据为商品猪；温氏股份2024年数据为肉猪（含毛猪和鲜品），2025年数据为生猪（含毛猪、鲜品和仔猪），下同。制图澎湃新闻　　从销量来看，三大猪企4月份生猪销量同比均增长，牧原股份环比下降，温氏股份和新希望环比增长。　　4月份，牧原股份销售商品猪657.3万头，环比下降5.2%，同比增长51.8%。温氏股份销售生猪317.57万头（其中毛猪和鲜品共289.99万头，仔猪27.58万头），环比增长2.59%，同比增长27.9%。新希望销售生猪159.6万头，环比增长2.92%，同比增长8.12%。三大上市猪企销量情况。制表澎湃新闻　　从销售收入来看，牧原股份、温氏股份同比均增长，新希望同比下降，温氏股份、新希望环比均增长，牧原股份环比下降。　　4月份，牧原股份商品猪销售收入125.95亿元，环比下降1.6%，同比增长53.42%。温氏股份销售生猪收入55.45亿元，环比增长1.91%，同比增长18.61%。新希望销售生猪收入22.78亿元，环比增长2.24%，同比下降2.52%。牧原股份表示，商品猪销量及销售收入同比增加主要系公司生产经营规划及生产效率提升所致。三大上市猪企销售收入情况。制表澎湃新闻　　从销售均价来看，三大猪企环比均上升，同比均下降。　　4月份，牧原股份商品猪销售均价14.66 元/公斤，环比上升2.5%，同比降0.95%。温氏股份毛猪销售均价14.92元/公斤，环比上升0.34%，同比下降1.71%。新希望商品猪销售均价14.7元/公斤，环比上升1.03%，同比下降2.84%。三大上市猪企销售均价情况。制表澎湃新闻（文章来源：澎湃新闻）,2025-05-09 19:26
97.09亿元！上海土拍热度不减 2宗宅地溢价率超20%,https://finance.eastmoney.com/a/202505093400756215.html,5月9日，上海有4宗地块出让，最终2宗溢价20%以上成交，2宗底价成交，总成交金额97.09亿元。　　其中，杨浦区东外滩宅地经过72轮竞价，最终由保利置业以42.41亿元竞得，成交楼面价80199元/m²，溢价率26.3%；松江新城东区宅地由中铁建以24.71亿元竞得，成交楼面价25288元/m²，溢价率20.442%。　　业内人士认为，上海土拍热度不减，未来随着土拍热度传递至楼市，叠加优质项目不断入市以及政策持续优化，上海楼市稳态将得到持续巩固。　　另外，同日，北京怀柔区一宗宅地出让，由建工集团以底价3.59亿元拿下。这也是怀柔区时隔14个月再度供地。　　上海4宗地块超97亿元成交　　5月9日，上海有4宗地块出让，分别为虹口区四川北路多用途组合用地，杨浦区东外滩宅地、松江新城东区宅地、青浦北部宅地，总建设用地总面积约10.1万m²，规划建筑总面积约23.7万m²，起始总价约84.07亿元，平均起始楼面价为35482元/m²。最终有2宗地块溢价20%以上成交，2宗地块底价成交，总成交金额97.09亿元。　　其中，杨浦区东外滩宅地出让面积为21150.46m²，规划建面52876.15m²，容积率2.5，起始价33.58亿元，起始楼面价63500元/m²；中止价为47.006亿元，对应溢价率40%；配建保障房比例5%，计2608.31m²以上；中小套型住宅建筑面积比例40%，计20866.46m²；配建公共服务设施600m²。　　据了解，该地块吸引了招商蛇口、金茂、华润置地、中海、保利置业共5家竞买人参与竞价，经过72轮竞价，最终由保利置业以42.41亿元竞得，成交楼面价80199元/m²，溢价率26.3%。　　松江新城东区宅地出让面积为42480.63m²，规划建面97705.45m²，容积率2.3，起始价20.52亿元，起始楼面价21000元/m²；中止价为26.673亿元，对应溢价率30%；配建保障房比例5%，计4885.27m²以上；中小套型住宅建筑面积比例45%，计43207.4m²；配建公共服务设施1169m²，养老服务设施400m²。该地块商品住宅装修标准不低于2500元/m²（集采价）。　　据悉，该地块吸引了保利发展、招商蛇口、天安、象屿、中铁建共5家竞买人参与，最终由中铁建以24.71亿元竞得，成交楼面价25288元/m²，溢价率20.442%。　　虹口区四川北路多用途组合用地由hk196-08、hk196-06两块地组成，总出让面积为10289.2m²，规划建面32135m²，建筑限高100m，起始价21.57亿元；中止价为30.201亿元，对应溢价率40%；无配建保障房要求；中小套型住宅建筑面积不得低于住宅总建面的40%，计8874.4m²以上。其中，hk196-08住宅地块建设用地面积3707.57m²，规划建筑面积22987m²（含800m²商业），容积率6.2，起始价约20.23亿元，起始楼面价为87997元/m²；hk196-06商业、文化地块建设用地面积6581.63m²，规划建筑面积9148m²，容积率1.39，起始价约1.34亿元，起始楼面价为14699元/m²。该地块商品住宅装修标准不低于4000元/m²（集采价）。　　该地块最终由北外滩集团以底价21.57亿元竞得该地块，综合楼面价67131元/m²（其中住宅部分楼面价87997元/m²），溢价率0。　　青浦北部宅地出让面积为27114.4m²，规划总建面54228.8m²，建筑限高50m；起始价8.41亿元，起始楼面价15500元/m²；中止价10.927亿元，对应溢价率30%；配建保障房比例5%，计2711.44m²以上；中小套型住宅建筑面积比例50%，计27114.4m²；配建公共服务设施100m²，养老服务设施300m²。该地块商品住宅装修标准不低于2000元/m²（集采价）。　　该地块最终由保利发展以8.41亿元底价竞得，成交楼面价15500元/m²，溢价率0。　　上海土拍热度不减　　中指研究院上海数据总经理张文静指出，上海此次土拍共吸引了9家企业参拍，其中6家央企、2家国企、1家港资。从报名情况来看，杨浦区东外滩地块、松江新城东区地块热度较高；虹口区四川北路多用途组合用地中的商业、文化地块因涉及历史建筑的保护性开发，对开发商要求较高，底价成交；青浦北部地块事关重固镇推进产城融合，打造宜业、宜居、宜游的特色小镇，保利发展已在该区域成功打造虹桥和颂，因此将该地块收入囊中。　　张文静认为，上海此次土拍再次印证中心城区与郊区结合、优先供给区域内优质土地的供地特征有助于提升土拍市场的热度，未来随着土拍市场的热度传递至楼市，叠加优质项目不断入市以及政策持续优化，上海楼市稳态将得到持续巩固。　　上海易居房地产研究院副院长严跃进也认为，此次上海土拍有2宗地溢价率超过20%，说明市场看好上海的土地投资，土地市场热度延续。其中，杨浦区东外滩宅地参与房企最多、竞争最激烈，说明好区位好地段的土地，尤其是上海中环以内的核心区域是房企投资的关注区域。　　“此次上海土拍进一步说明，5月份重点城市土地市场向好发展。”严跃进说。　　中指研究院的数据显示，今年以来，核心城市土拍热度较高。一季度，北京、杭州、成都等城市多次刷新地价纪录。4月，核心城市继续推出优质地块，土地市场热度不减，土地出让金同比增长超两成。（文章来源：证券时报网）,2025-05-09 19:37
5月9日晚间央视新闻联播要闻集锦,https://finance.eastmoney.com/a/202505093400840564.html,今日摘要　　习近平出席俄罗斯纪念苏联伟大卫国战争胜利80周年庆典。　　习近平同俄罗斯总统共同会见记者。　　习近平同俄罗斯总统茶叙。　　习近平同瑞典国王就中瑞建交75周年互致贺电。　　李强主持召开国务院常务会议。　　赵乐际在福建调研和开展执法检查。　　4月份，我国货物贸易进出口3.84万亿元，同比增长5.6%。　　欧盟称如果与美谈判未能促使美方取消关税，欧盟可能对近千亿欧元的美国进口商品采取反制措施。　　内容速览　　习近平出席俄罗斯纪念苏联伟大卫国战争胜利80周年庆典　　当地时间5月9日，俄罗斯举行盛大庆典，纪念苏联伟大卫国战争胜利80周年。国家主席习近平和来自世界20多个国家及国际组织领导人应邀出席庆典。　　习近平同俄罗斯总统共同会见记者　　当地时间5月8日中午，国家主席习近平同俄罗斯总统普京在莫斯科克里姆林宫会谈后共同会见记者。　　习近平同俄罗斯总统茶叙　　当地时间5月8日下午，俄罗斯总统普京同中国国家主席习近平在克里姆林宫总统办公室进行茶叙。　　习近平同瑞典国王就中瑞建交75周年互致贺电　　5月9日，国家主席习近平同瑞典国王卡尔十六世·古斯塔夫互致贺电，庆祝两国建交75周年。　　李强主持召开国务院常务会议　　国务院总理李强5月9日主持召开国务院常务会议，学习贯彻习近平总书记在部分省区市“十五五”时期经济社会发展座谈会上的重要讲话精神。　　赵乐际在福建调研和开展执法检查　　中共中央政治局常委、全国人大常委会委员长赵乐际5月7日至9日在福建调研。　　4月份我国货物贸易进出口同比增长5.6%　　海关总署今天（5月9日）公布数据显示，今年4月，我国货物贸易进出口保持平稳增长。4月当月，我国货物贸易进出口3.84万亿元，增长5.6%。　　全国人大常委会启动食品安全法执法检查　　全国人大常委会9日正式启动食品安全法执法检查。　　联播快讯（国内）　　4月份中国电商物流指数继续回升　　中国物流与采购联合会今天（5月9日）公布，4月份中国电商物流指数为111.1点，较上月回升1.1点，各主要分项指数均环比有所回升。其中，电商物流总业务量指数升至129.4点，比去年同期增长近30%。在需求连续回升的带动下，电商物流加速发展，有效支撑消费增长。　　第四届中国—中东欧国家博览会参展商数量将创新高　　在今天（5月9日）举行的国务院新闻办公室新闻发布会上，商务部有关负责人介绍，第四届中国—中东欧国家博览会暨国际消费品博览会将于5月22日—25日在浙江宁波举行，展会展区面积和展商数量均创新高。除14个中东欧国家外，英国、法国、德国等9个国家的展商也踊跃参展。2024年，中国与中东欧国家双边贸易额达1423亿美元，创历史新高。　　我国公示第七批新职业新工种　　人力资源社会保障部日前公示第七批新职业、新工种。其中，拟增加17个新职业，包含养老服务师、跨境电商运营管理师、无人机群飞行规划员等；拟增加42个新工种，包含生成式人工智能系统测试员、智慧景区管理师等。　　我国首个养老服务业品牌价值评价国家标准发布实施　　国家标准委近日发布实施我国首个养老服务业品牌价值评价国家标准。标准从有形要素、质量要素、创新要素、服务要素、无形要素5个方面，细化出衡量我国养老服务业品牌强度的46个指标，为科学规范开展养老服务业品牌价值评价提供指引。　　长江禁渔取得阶段性成效　　记者今天（5月9日）从农业农村部了解到，2021年长江禁渔全面启动以来，禁捕管理秩序总体平稳，通过开展中华鲟、长江江豚、长江鲟等旗舰物种拯救行动，水生生物多样性持续恢复。2021—2024年，长江流域共监测到土著鱼类344种，比2017—2020年增加36种。　　加强人文交流 传承伟大友谊——习近平主席贺信为中俄人民相知相亲注入新动力　　莫斯科时间5月7日，习近平主席向“和平薪火时代新章——纪念中国人民抗日战争和苏联伟大卫国战争胜利80周年中俄人文交流活动”致贺信，在中俄各界引发热烈反响。大家表示，习近平主席贺信为中俄人民相知相亲注入新动力。　　高盛专家称美国关税政策将大幅推高通胀　　据美国媒体8日报道，美国高盛集团经济学家提高了对今年和明年美国通胀的预期。高盛方面称，受美国政府加征关税和美元走弱的双重影响，对于今年12月美国通胀的预测上调至3.8%。这一数字远超美联储此前的预测。　　欧盟称或对近千亿欧元的美国进口商品采取反制　　欧盟委员会8日公布了一份从美国进口产品的清单，涉及价值950亿欧元的产品，主要涵盖工业和农产品领域。欧盟指出，如果与美国进行的谈判未能促使美方取消关税，欧盟可能对这些美国进口商品采取反制措施。此外，欧盟委员会当天还表示将就美国关税政策问题向世贸组织提起诉讼。（文章来源：央视新闻客户端）,2025-05-09 21:46
多次提及关税政策、单设专栏强调债券市场建设 央行一季度货政报告释放重要信号,https://finance.eastmoney.com/a/202505093400820723.html,今日，央行发布2025年第一季度中国货币政策执行报告（以下简称《报告》），并指出，实施好适度宽松的货币政策。根据国内外经济金融形势和金融市场运行情况，灵活把握政策实施的力度和节奏。《报告》还指出，持续强化利率政策的执行和监督，降低银行负债成本，推动社会综合融资成本下降。　　在业内专家看来，新的政策信号不断释放。一是进一步加大支持实体经济力度。这方面《报告》提法与中央政治局会议精神保持高度一致，释放出积极的信号，市场对货币政策持续保持适度宽松力度有信心。　　二是支持扩大消费。在外需对经济增长的支撑作用趋弱的背景下，提振消费成为当前扩内需、稳增长的关键点。《报告》对此进行了专题论述，服务消费与养老再贷款也于近日正式推出。市场预计，未来服务领域的消费潜力有望进一步激发释放。　　三是有力应对外部冲击。业内专家表示，美国关税政策对全球经济金融秩序带来明显冲击，《报告》多次提及“关税政策”，显示政策层面对此高度关注，宏观政策已在积极应对、重点发力，稳定外贸也将成为未来政策支持的一个重要方向。　　适度宽松货币政策将持续发力　　一季度货币政策报告显示，人民银行继续坚持支持性的政策立场，实施适度宽松的货币政策，灵活开展公开市场操作，综合运用各类总量和结构性政策工具，保持流动性充裕，人民币汇率在复杂形势下保持基本稳定，金融市场运行整体平稳。　　具体政策操作进一步优化，比如调整中期借贷便利（MLF）中标方式，用好两项资本市场支持工具，将支农再贷款和支小再贷款合并为支农支小再贷款等。　　市场人士对财联社记者表示，在各项货币政策支持下，货币信贷合理增长，社会综合融资成本稳步下行，信贷结构进一步优化，持续多年、多次降准降息的累积效应不断显现，社会融资环境总体处于较为宽松状态。　　适度宽松货币政策将持续发力。4月25日，中央政治局会议强调，要加紧实施更加积极有为的宏观政策，用好用足更加积极的财政政策和适度宽松的货币政策。　　业内专家表示，去年一揽子增量政策对稳定经济发挥了关键作用，今年财政、货币、产业等政策持续发力，存量和增量政策协同效应增强，宏观政策协调配合进一步强化，以有力有效的政策应对外部环境的不确定性。　　5月7日国新办发布会上，人民银行行长潘功胜还宣布了三大类十项举措的一揽子金融政策，包括降准、降息、创设并优化结构性货币政策工具、推出支持科技创新的新政策工具等。　　业内人士表示，这一揽子政策出台实施非常及时，在遭受外部冲击的关键时点，稳住市场稳住预期，体现了货币政策的积极作为，更好支持扩大国内需求，有效支持经济合理运行。从近年央行实践看，央行政策出台后会及时传导至金融系统，政策效果显现是比较快的。　　明确政策利率推动向价格型调控转型　　近年来，人民银行加快推进利率市场化改革，继去年7月明确了7天期逆回购操作利率的政策利率地位后，今年又调整了MLF的招标模式，进一步淡化MLF工具的政策利率色彩。　　一季度货币政策执行报告专栏，详细回顾了十年间MLF的工具设计、定位、特点的变化过程，指出未来MLF将回归中期流动性投放工具的基本定位，与其他工具合理搭配维护流动性充裕。　　业内专家对财联社记者表示，去年央行行长潘功胜在陆家嘴论坛上强调，要进一步健全市场化的利率调控机制，一年来人民银行围绕这一目标做了不少文章，包括明确7天期逆回购操作利率为政策利率、淡化MLF的政策利率色彩、增加临时正逆回购操作框住短端货币市场利率波动范围、适度收窄利率走廊，利率调控目标信号更加清晰。　　“目前我国由短及长的利率传导机制已逐步理顺，形成较为完整的利率体系。”上述专家称，央行通过调整政策利率，影响货币市场利率（如同业存单利率）和债券市场利率（如国债收益率），并影响存贷款利率（如贷款市场报价利率和银行存款挂牌利率），进而促进消费和投资，提升社会总需求。国际上看，发达经济体央行一般也是选用短端利率作为政策利率，通过公开市场操作并辅之以利率走廊机制进行调控，并影响和传导到中长期利率。　　数据显示，3月企业贷款加权平均利率约3.3%，同比下降约0.5个百分点，持续处于历史低位。近日世界银行发布调查报告，显示我国金融服务效率在全球50个经济体中已达到最优水平，仅有7.7%的调查企业认为贷款利率高或贷款程序复杂，比例接近表现最好的新西兰（该国有5.5%的调查企业认为存在上述情况）。　　业内专家表示，去年央行启动了明示企业贷款综合融资成本工作，一张“贷款明白纸”让企业全部的融资成本一目了然，一定程度上解决了银行和企业对融资成本“观感”不一的问题，有利于更好地“公开”对账，效果很好。目前我国贷款利息成本已经很低，未来降低综合融资成本关键是要降低抵押担保费、中介服务费等非利息成本。　　调研反映，一些企业贷款的非利息收费名目繁多，占整体融资成本的比重甚至高于利息成本。一方面，金融机构需要转变经营理念，为客户提供更加优质的服务，地方政府、财政等各部门也要发挥合力减轻企业非利息负担；另一方面，企业也要加强自身信用建设，完善内部管理和财务制度，维护并提升企业信誉。　　从制度建设角度防范债券市场利率风险　　近年来我国债券市场发展很快，对实体经济的支持力度明显增强，但业内认为，债券市场收益率波动较大也存在风险。　　一季度货币政策执行报告设置专栏对债券市场利率风险和债券市场相应制度建设作了详细阐述。国债尤其是长期国债虽然没有信用风险，国家一定会偿付本息，但利率风险是一直潜藏着的，当市场利率改变时，二级市场交易价格会反向波动，这时候投资者面临的就是利率风险。　　近期长期国债收益率走低，一定程度上与美关税政策影响有关，市场对未来不确定性表示担忧，风险偏好下降、避险情绪较高，但长期看我国经济向好的基本面没有改变，近期央行又推出了三大类十项金融支持政策，有助于持续推动经济回升向好。　　业内专家表示，此次专栏设计更多强调从制度建设角度来防范利率风险，这方面未来仍有完善空间。投资者结构上，目前大银行持有大量债券，但绝大部分是持有到期，用于交易的比例很低，反而是利率风险管控能力相对较弱的中小金融机构和理财产品在大量交易，未来要鼓励大银行开展更多债券交易业务，助力维护市场供求平衡，促进债券市场合理定价。　　“交易品种上，从发达经济体实践看，对某一期限的债券交易也可以围绕一揽子债券进行，比如10年期国债交易时，剩余期限在10年左右的国债都可以交割，可以避免某几只债券交易特别活跃，而一些过去发行的老债券很少交易。”上述专家认为，未来这种交易模式也是可以借鉴的。　　税收制度上，目前国债等政府债券利息收入免税，公募基金和理财资管产品交易价差又有税收减免优势，使得一些金融机构对部分债种的短期交易意愿较强，这些都有完善空间。　　不同角度体现思路转变宏观政策更加注重促消费　　去年10月，中国人民银行行长潘功胜在金融街论坛发言时表示，宏观经济政策的作用方向应从过去的更多偏向投资，转向消费与投资并重，并更加重视消费。央行发布的2025年一季度货币政策执行报告有多篇专栏从不同角度体现出宏观政策思路的转变。　　其中，《报告》专栏2聚焦支持提振和扩大消费，体现了宏观政策更加注重促消费。　　我国最终消费支出占GDP的比重相比美日等国家还较低，提升消费对经济增长的贡献度有较大潜力。面对外需的不利冲击，有必要将促进消费内需置于更加优先的地位。目前我国消费金融服务体系已较为完善，金融机构围绕不同消费场景创新推出多元的消费信贷产品和服务模式，有效激发了市场活力。　　5月7日，人民银行行长潘功胜在国新办新闻发布会上宣布设立5000亿元“服务消费与养老再贷款”，激励引导金融机构加大对住宿餐饮、文体娱乐、教育等服务消费重点领域和养老产业的金融支持力度。　　业内专家认为，此项政策从消费供给端发力，能够更好满足群众消费升级的需求，未来与财政及其他行业政策配合，还可体现更多协同效应。也要看到，碎片化的具体消费支持政策在效果上可能会偏于短期化，促消费重点在于强化顶层规划，建立完善衡量消费发展的系统性指标体系并对外公开宣示，这样能够更好发挥导向作用。　　另外，《报告》专栏5从政府部门资产负债表的角度对比了中美日三国政府债务情况。我国广义政府总资产相当于GDP的166%，总负债相当于GDP的75%，净资产约占GDP的91%，且资产主要为具有较好增长性的国有企业股权。　　业内人士认为，我国政府债务扩张有相应的资产支撑，这对于加强民生保障、完善收入分配、推动经济转型和动态平衡都有重要意义。今年以来，我国财政支持力度明显加大，地方新增专项债发行提速，一季度累计发行量近1万亿元，有效拉动了投资增长，提振了信心。　　“积极的财政政策下阶段关键是要进一步调整支出结构，更多向有消费效应的领域倾斜，加大养老、育幼、医疗等服务消费投资力度。”业内专家指出，同时要强化基础保障，加大对农村老年人口、低保人员等重点人群保障力度。进一步发挥有体量的消费领域带动作用，更好满足群众大宗消费更新换代的高品质需求。　　价格调控思路要从防“哄抬物价”转向防“低价倾销”　　《报告》专栏6指出，促进物价合理回升，需要推动经济供需平衡，关键在于扩大有效需求。　　市场人士认为，当前我国物价的低位运行受多重因素共同影响，需求方面，消费下行压力持续存在，地方政府融资平台、房地产等传统领域投资收缩明显，价格下降更多。供给方面，部分行业“内卷式”竞争，行业自律“管低价倾销”作用难以发挥，局部的地方保护影响全国统一大市场建设有效推进，低效、无效企业无法及时有效出清。　　有市场机构分析指出，不同行业的物价变化也呈现出不同特点。近年来一些与传统落后产能相关度较高的行业，产品价格跌幅较大，如以建材为主要代表的黑色金属加工以及化工等行业，过去一年PPI跌幅普遍超过5%。不同行业价格的差异也会反映为行业之间利率的差异，并通过市场化机制优化产能。　　业内专家认为，价格首先取决于商品供需关系，货币是次要因素。当前货币增长持续快于经济增速，但物价仍处低位。增加货币供给，供需关系没有改善，不能有效提高需求；如果是推动供给扩张，供过于求格局下物价低迷状况很难改变。价格调控思路上也要从以前的防“哄抬物价”转向防“低价倾销”。　　“如果企业一味扩张产量，甚至是低价竞争，对物价压制作用会持续存在，长期看也不利于市场秩序维护和企业经营稳健性。”上述专家指出，政府价格管理要从鼓励企业“以价换量”转向引导企业“以质取胜”；报告提到的技术创新、品牌建设、服务质量、市场细分等多元化竞争策略也是企业未来的经营方向。 （文章来源：财联社）,2025-05-09 21:29
